mondo_id	label	comment	issue	obsoletion_date
MONDO:0000014	colorblindness, partial	Reason of obsoletion: out of scope - MONDO:excludeHistoricalDisease. Term to consider: -	https://github.com/monarch-initiative/mondo/issues/7700	2024-09-01
MONDO:0000114	cerebelloparenchymal disorder	Reason of obsoletion: out of scope - MONDO:excludeHistoricalDisease. Term to consider: -	https://github.com/monarch-initiative/mondo/issues/7700	2024-09-01
MONDO:0000169	microphthalmia, isolated, with cataract	Reason of obsoletion: out of scope - MONDO:excludeHistoricalDisease. Term to consider: microphthalmia, isolated, with cataract 1-MONDO:0007995	https://github.com/monarch-initiative/mondo/issues/7554|https://github.com/monarch-initiative/mondo/issues/7766	2024-07-01
MONDO:0000224	acquired carbohydrate metabolism disease	Reason of obsoletion: out of scope - MONDO:excludeHistoricalDisease. Term to consider: -	https://github.com/monarch-initiative/mondo/issues/7700	2024-09-01
MONDO:0000251	diarrheal disease secondary to altered bowel motility	Reason of obsoletion: out of scope - MONDO:excludeHistoricalDisease. Term to consider: -	https://github.com/monarch-initiative/mondo/issues/7700	2024-09-01
MONDO:0000379	malignant Sertoli-Leydig cell tumor	Reason of obsoletion: out of scope - MONDO:excludeHistoricalDisease. Term to consider: -	https://github.com/monarch-initiative/mondo/issues/7700	2024-09-01
MONDO:0000424	inborn vitamin B12 deficiency	Reason: duplicate. This will be merged with MONDO:0019220 or MONDO:0020696	https://github.com/monarch-initiative/mondo/issues/7353	2024-06-01
MONDO:0000584	B cell linker protein deficiency	Reason of obsoletion: duplicate. This will be merged with MONDO:0013289 agammaglobulinemia 4, autosomal recessive	https://github.com/monarch-initiative/mondo/issues/7612	2024-07-01
MONDO:0000866	hereditary myoglobinuria	TODO: cede to HPO; Reason of obsoletion: is a phenotype and not a disease - MONDO:excludePhenotype. Term to consider: -HP:0002913	https://github.com/monarch-initiative/mondo/issues/7483	2024-07-01
MONDO:0000884	myeloid and lymphoid neoplasms associated with FGFR1 abnormalities	Editor note: check relation to MONDO:0007844; Reason of obsoletion: duplicate. This will be merged with MONDO:0013296 myeloid neoplasm associated with FGFR1 rearrangement	https://github.com/monarch-initiative/mondo/issues/7614	2024-07-01
MONDO:0001394	chronic erythremia	Reason of obsoletion: out of scope - MONDO:excludeHistoricalDisease. Term to consider: -	https://github.com/monarch-initiative/mondo/issues/7700	2024-09-01
MONDO:0002013	lymphangioma	Reason of obsoletion: out of scope - MONDO:excludeHistoricalDisease. Term to consider: lymphatic malformation-	https://github.com/monarch-initiative/mondo/issues/6769	2024-02-02
MONDO:0004031	ovary mixed epithelial carcinoma	Reason of obsoletion: duplicate. This will be merged with MONDO:0004032 ovarian seromucinous carcinoma	https://github.com/monarch-initiative/mondo/issues/7609	2024-07-01
MONDO:0004587	hereditary night blindness	Reason: duplicate. This will be merged with MONDO:0019152 Oguchi disease	https://github.com/monarch-initiative/mondo/issues/7213	2024-05-01
MONDO:0004603	collagenopathy	Reason of obsoletion: out of scope - MONDO:excludeHistoricalDisease. Term to consider: -	https://github.com/monarch-initiative/mondo/issues/7700	2024-09-01
MONDO:0004961	stage I endometrioid carcinoma	Reason of obsoletion: out of scope - MONDO:excludeHistoricalDisease. Term to consider: -	https://github.com/monarch-initiative/mondo/issues/7700	2024-09-01
MONDO:0004962	stage II endometrioid carcinoma	Reason of obsoletion: out of scope - MONDO:excludeHistoricalDisease. Term to consider: -	https://github.com/monarch-initiative/mondo/issues/7700	2024-09-01
MONDO:0004964	peripheral T-cell lymphoma, not otherwise specified	Reason: duplicate. This will be merged with MONDO:0019476 Peripheral T-cell lymphoma	https://github.com/monarch-initiative/mondo/issues/7188	2024-04-01
MONDO:0005168	neoplasm of immature B and T cells	Reason of obsoletion: out of scope - MONDO:excludeHistoricalDisease. Term to consider: -	https://github.com/monarch-initiative/mondo/issues/7700	2024-09-01
MONDO:0005179	ovarian adenoma benign	Reason of obsoletion: out of scope - MONDO:excludeHistoricalDisease. Term to consider: -	https://github.com/monarch-initiative/mondo/issues/7700	2024-09-01
MONDO:0005254	symptomatic heart failure	Reason of obsoletion: out of scope - MONDO:excludeHistoricalDisease. Term to consider: -	https://github.com/monarch-initiative/mondo/issues/7700	2024-09-01
MONDO:0005255	mild heart failure	Reason of obsoletion: out of scope - MONDO:excludeHistoricalDisease. Term to consider: -	https://github.com/monarch-initiative/mondo/issues/7700	2024-09-01
MONDO:0005256	moderate heart failure	Reason of obsoletion: out of scope - MONDO:excludeHistoricalDisease. Term to consider: -	https://github.com/monarch-initiative/mondo/issues/7700	2024-09-01
MONDO:0005257	advanced heart failure	Reason of obsoletion: out of scope - MONDO:excludeHistoricalDisease. Term to consider: -	https://github.com/monarch-initiative/mondo/issues/7700	2024-09-01
MONDO:0005426	MRI defined brain infarct	This term represents a finding not a disease, it may be obsoleted in future. Reason of obsoletion: out of scope - MONDO:excludeHistoricalDisease. Term to consider: -	https://github.com/monarch-initiative/mondo/issues/7700	2024-09-01
MONDO:0005430	early onset hypertension	Reason of obsoletion: out of scope - MONDO:excludeHistoricalDisease. Term to consider: -	https://github.com/monarch-initiative/mondo/issues/7700	2024-09-01
MONDO:0005432	alcohol and nicotine codependence	Reason of obsoletion: out of scope - MONDO:excludeHistoricalDisease. Term to consider: -	https://github.com/monarch-initiative/mondo/issues/7700	2024-09-01
MONDO:0005435	anti-neutrophil antibody associated vasculitis	Reason of obsoletion: out of scope - MONDO:excludeHistoricalDisease. Term to consider: -	https://github.com/monarch-initiative/mondo/issues/7700	2024-09-01
MONDO:0005436	postoperative ventricular dysfunction	Reason of obsoletion: out of scope - MONDO:excludeHistoricalDisease. Term to consider: -	https://github.com/monarch-initiative/mondo/issues/7700	2024-09-01
MONDO:0005465	methamphetamine-induced psychosis	Reason of obsoletion: out of scope - MONDO:excludeHistoricalDisease. Term to consider: -	https://github.com/monarch-initiative/mondo/issues/7700	2024-09-01
MONDO:0005470	postprandial hypotension	Reason of obsoletion: out of scope - MONDO:excludeHistoricalDisease. Term to consider: -	https://github.com/monarch-initiative/mondo/issues/7700	2024-09-01
MONDO:0005471	neurally mediated hypotension	Reason of obsoletion: out of scope - MONDO:excludeHistoricalDisease. Term to consider: -	https://github.com/monarch-initiative/mondo/issues/7700	2024-09-01
MONDO:0005493	carbon monoxide-induced delayed encephalopathy	Reason of obsoletion: out of scope - MONDO:excludeHistoricalDisease. Term to consider: -	https://github.com/monarch-initiative/mondo/issues/7700|https://github.com/monarch-initiative/mondo/issues/4632	2024-09-01
MONDO:0005585	chemotherapy-induced hypertension	Reason of obsoletion: out of scope - MONDO:excludeHistoricalDisease. Term to consider: -	https://github.com/monarch-initiative/mondo/issues/7700	2024-09-01
MONDO:0005597	cystic renal cell carcinoma	Reason of obsoletion: out of scope - MONDO:excludeHistoricalDisease. Term to consider: -	https://github.com/monarch-initiative/mondo/issues/7700	2024-09-01
MONDO:0005598	dopaminergic neuroblastoma	Reason of obsoletion: out of scope - MONDO:excludeHistoricalDisease. Term to consider: -	https://github.com/monarch-initiative/mondo/issues/7700	2024-09-01
MONDO:0006027	breast synovial sarcoma	Reason of obsoletion: out of scope - MONDO:excludeHistoricalDisease. Term to consider: -	https://github.com/monarch-initiative/mondo/issues/7700	2024-09-01
MONDO:0006465	thyroid gland oncocytic follicular carcinoma	Reason of obsoletion: duplicate. This will be merged with MONDO:0011836 thyroid Hurthle cell carcinoma	https://github.com/monarch-initiative/mondo/issues/7613	2024-07-01
MONDO:0007466	DNA, satellite, 3	Editor note: TODO check; Reason of obsoletion: out of scope - MONDO:excludeHistoricalDisease. Term to consider: -	https://github.com/monarch-initiative/mondo/issues/7700	2024-09-01
MONDO:0009068	cytochrome-c oxidase deficiency disease	Reason: duplicate. This will be merged with MONDO:0033885 mitochondrial complex IV deficiency, nuclear-type	https://github.com/monarch-initiative/mondo/issues/7438|https://github.com/monarch-initiative/mondo/issues/4521	2024-06-01
MONDO:0009453	immune deficiency disease	Reason of obsoletion: out of scope - MONDO:excludeHistoricalDisease. Term to consider: immunodeficiency disease-MONDO:0021094	https://github.com/monarch-initiative/mondo/issues/7461	2024-06-01
MONDO:0009455	immunodeficiency, partial combined, with absence of HLA Determinants and beta-2-microglobulin from lymphocytes	This will be obsoleted in the 2024-09-01 release. The term will be split and the new ID for this term will be MONDO:0971006 (MHC class I deficiency 1), and MONDO:0971005 (MHC class II deficiency 1).	https://github.com/monarch-initiative/mondo/issues/7780	2024-09-01
MONDO:0009714	myosclerosis	Reason: duplicate. This will be merged with MONDO:0100225 collagen 6-related myopathy	https://github.com/monarch-initiative/mondo/issues/2361|https://github.com/monarch-initiative/mondo/issues/4521	2024-05-01
MONDO:0010595	Sertoli cell-only syndrome	Reason: duplicate. This will be merged with MONDO:0056795 X-linked spermatogenic failure 1. Editor note: consider moving OMIMPS from azoospermia to here	https://github.com/monarch-initiative/mondo/issues/7409	2024-06-01
MONDO:0011292	dermatitis, atopic	Reason of obsoletion: duplicate. This will be merged with MONDO:0004980 atopic eczema	https://github.com/monarch-initiative/mondo/issues/4521|https://github.com/monarch-initiative/mondo/issues/7712	2024-09-01
MONDO:0015083	nuclear oculomotor paralysis	Editor note: see notes for supranuclear; Reason of obsoletion: out of scope - MONDO:excludeHistoricalDisease. Term to consider: -	https://github.com/monarch-initiative/mondo/issues/7700	2024-09-01
MONDO:0015174	autoimmune enteropathy type 3	Reason of obsoletion: out of scope - MONDO:excludeHistoricalDisease. Term to consider: -	https://github.com/monarch-initiative/mondo/issues/7700	2024-09-01
MONDO:0015256	blepharoptosis-cleft palate-ectrodactyly-dental anomalies syndrome	Reason of obsoletion: out of scope - MONDO:excludeHistoricalDisease. Term to consider: -	https://github.com/monarch-initiative/mondo/issues/7700	2024-09-01
MONDO:0015257	sino-auricular heart block	Reason of obsoletion: out of scope - MONDO:excludeHistoricalDisease. Term to consider: -	https://github.com/monarch-initiative/mondo/issues/7700	2024-09-01
MONDO:0015422	orofaciodigital syndrome type 13	Reason of obsoletion: Obsoleted in source - MONDO:excludeHistoricalDisease. Term to consider: orofaciodigital syndrome-MONDO:0015375	https://github.com/monarch-initiative/mondo/issues/7956	2024-10-01
MONDO:0015424	lethal chondrodysplasia, Moerman type	Reason of obsoletion: out of scope - MONDO:excludeHistoricalDisease. Term to consider: -	https://github.com/monarch-initiative/mondo/issues/7700|https://github.com/monarch-initiative/mondo/issues/6751	2024-09-01
MONDO:0015468	craniosynostosis-cataract syndrome	Reason of obsoletion: out of scope - MONDO:excludeHistoricalDisease. Term to consider: -	https://github.com/monarch-initiative/mondo/issues/6751|https://github.com/monarch-initiative/mondo/issues/7700	2024-09-01
MONDO:0015559	lymphoadenopathic mastocytosis with eosinophilia	Reason of obsoletion: out of scope - MONDO:excludeHistoricalDisease. Term to consider: -	https://github.com/monarch-initiative/mondo/issues/7700	2024-09-01
MONDO:0015907	epimetaphyseal skeletal dysplasia	Reason of obsoletion: out of scope - MONDO:excludeHistoricalDisease. Term to consider: -	https://github.com/monarch-initiative/mondo/issues/6751|https://github.com/monarch-initiative/mondo/issues/7700	2024-09-01
MONDO:0015985	bone dysplasia, Azouz type	Reason of obsoletion: out of scope - MONDO:excludeHistoricalDisease. Term to consider: skeletal dysplasia-MONDO:0018230	https://github.com/monarch-initiative/mondo/issues/7842	2024-09-01
MONDO:0016271	adenoid cystic carcinoma of the corpus uteri	Reason of obsoletion: out of scope - MONDO:excludeHistoricalDisease. Term to consider: -	https://github.com/monarch-initiative/mondo/issues/7700	2024-09-01
MONDO:0016420	familial flecked retinopathy	Reason of obsoletion: out of scope - MONDO:excludeHistoricalDisease. Term to consider: -	https://github.com/monarch-initiative/mondo/issues/7700	2024-09-01
MONDO:0016583	familial intestinal malrotation-facial anomalies syndrome	Reason of obsoletion: out of scope - MONDO:excludeHistoricalDisease. Term to consider: -	https://github.com/monarch-initiative/mondo/issues/6876|https://github.com/monarch-initiative/mondo/issues/6878|https://github.com/monarch-initiative/mondo/issues/7700	2024-09-01
MONDO:0016697	low grade ependymoma	Reason of obsoletion: out of scope - MONDO:excludeHistoricalDisease. Term to consider: -	https://github.com/monarch-initiative/mondo/issues/7700	2024-09-01
MONDO:0016821	shoulder and girdle defects-familial intellectual disability syndrome	Reason of obsoletion: out of scope - MONDO:excludeHistoricalDisease. Term to consider: -	https://github.com/monarch-initiative/mondo/issues/5588|https://github.com/monarch-initiative/mondo/issues/7700	2024-09-01
MONDO:0016827	myopathy-growth delay-intellectual disability-hypospadias syndrome	Reason of obsoletion: out of scope - MONDO:excludeHistoricalDisease. Term to consider: -	https://github.com/monarch-initiative/mondo/issues/6878|https://github.com/monarch-initiative/mondo/issues/5588|https://github.com/monarch-initiative/mondo/issues/6876|https://github.com/monarch-initiative/mondo/issues/7700	2024-09-01
MONDO:0016857	blepharophimosis-epicanthus inversus-ptosis due to 3q23 rearrangement syndrome	Reason of obsoletion: out of scope - MONDO:excludeHistoricalDisease. Term to consider: -	https://github.com/monarch-initiative/mondo/issues/3664|https://github.com/monarch-initiative/mondo/issues/7700	2024-09-01
MONDO:0016858	blepharophimosis-epicanthus inversus-ptosis due to a point mutation syndrome	Reason of obsoletion: out of scope - MONDO:excludeHistoricalDisease. Term to consider: -	https://github.com/monarch-initiative/mondo/issues/7700	2024-09-01
MONDO:0016859	blepharophimosis-epicanthus inversus-ptosis due to copy number variations	Reason of obsoletion: out of scope - MONDO:excludeHistoricalDisease. Term to consider: -	https://github.com/monarch-initiative/mondo/issues/7700	2024-09-01
MONDO:0017047	infantile axonal neuropathy	Reason of obsoletion: out of scope - MONDO:excludeHistoricalDisease. Term to consider: -	https://github.com/monarch-initiative/mondo/issues/7700	2024-09-01
MONDO:0017126	oculo-skeletal-renal syndrome	Reason of obsoletion: out of scope - MONDO:excludeHistoricalDisease. Term to consider: -	https://github.com/monarch-initiative/mondo/issues/7700	2024-09-01
MONDO:0017451	non-syndromic brachydactyly of fingers	Reason of obsoletion: out of scope - MONDO:excludeHistoricalDisease. Term to consider: -	https://github.com/monarch-initiative/mondo/issues/7700	2024-09-01
MONDO:0017472	patella aplasia/hypoplasia, unilateral	Reason of obsoletion: out of scope - MONDO:excludeHistoricalDisease. Term to consider: -	https://github.com/monarch-initiative/mondo/issues/7700	2024-09-01
MONDO:0017473	patella aplasia/hypoplasia, bilateral	Reason of obsoletion: out of scope - MONDO:excludeHistoricalDisease. Term to consider: -	https://github.com/monarch-initiative/mondo/issues/7700	2024-09-01
MONDO:0017478	amelia of upper limb, unilateral	Reason of obsoletion: out of scope - MONDO:excludeHistoricalDisease. Term to consider: -	https://github.com/monarch-initiative/mondo/issues/7700	2024-09-01
MONDO:0017479	amelia of upper limb, bilateral	Reason of obsoletion: out of scope - MONDO:excludeHistoricalDisease. Term to consider: -	https://github.com/monarch-initiative/mondo/issues/7700	2024-09-01
MONDO:0017480	amelia of lower limb, unilateral	Reason of obsoletion: out of scope - MONDO:excludeHistoricalDisease. Term to consider: -	https://github.com/monarch-initiative/mondo/issues/7700	2024-09-01
MONDO:0017482	humeral agenesis/hypoplasia, unilateral	Reason of obsoletion: out of scope - MONDO:excludeHistoricalDisease. Term to consider: -	https://github.com/monarch-initiative/mondo/issues/7700	2024-09-01
MONDO:0017483	humeral agenesis/hypoplasia, bilateral	Reason of obsoletion: out of scope - MONDO:excludeHistoricalDisease. Term to consider: -	https://github.com/monarch-initiative/mondo/issues/7700	2024-09-01
MONDO:0017484	femoral agenesis/hypoplasia, unilateral	Reason of obsoletion: out of scope - MONDO:excludeHistoricalDisease. Term to consider: -	https://github.com/monarch-initiative/mondo/issues/7700	2024-09-01
MONDO:0017485	femoral agenesis/hypoplasia, bilateral	Reason of obsoletion: out of scope - MONDO:excludeHistoricalDisease. Term to consider: -	https://github.com/monarch-initiative/mondo/issues/7700	2024-09-01
MONDO:0017486	radial hemimelia, unilateral	Reason of obsoletion: out of scope - MONDO:excludeHistoricalDisease. Term to consider: -	https://github.com/monarch-initiative/mondo/issues/7700	2024-09-01
MONDO:0017487	radial hemimelia, bilateral	Reason of obsoletion: out of scope - MONDO:excludeHistoricalDisease. Term to consider: -	https://github.com/monarch-initiative/mondo/issues/7700	2024-09-01
MONDO:0017488	ulnar hemimelia, bilateral	Reason of obsoletion: out of scope - MONDO:excludeHistoricalDisease. Term to consider: -	https://github.com/monarch-initiative/mondo/issues/7700	2024-09-01
MONDO:0017489	ulnar hemimelia, unilateral	Reason of obsoletion: out of scope - MONDO:excludeHistoricalDisease. Term to consider: -	https://github.com/monarch-initiative/mondo/issues/7700	2024-09-01
MONDO:0017490	tibial hemimelia, unilateral	Reason of obsoletion: out of scope - MONDO:excludeHistoricalDisease. Term to consider: -	https://github.com/monarch-initiative/mondo/issues/7700	2024-09-01
MONDO:0017492	fibular hemimelia, unilateral	Reason of obsoletion: out of scope - MONDO:excludeHistoricalDisease. Term to consider: -	https://github.com/monarch-initiative/mondo/issues/7700	2024-09-01
MONDO:0017493	fibular hemimelia, bilateral	Reason of obsoletion: out of scope - MONDO:excludeHistoricalDisease. Term to consider: -	https://github.com/monarch-initiative/mondo/issues/7700	2024-09-01
MONDO:0017496	congenital absence of thigh and lower leg with foot present, unilateral	Reason of obsoletion: out of scope - MONDO:excludeHistoricalDisease. Term to consider: -	https://github.com/monarch-initiative/mondo/issues/4069|https://github.com/monarch-initiative/mondo/issues/7700	2024-09-01
MONDO:0017498	congenital absence of both forearm and hand, unilateral	Reason of obsoletion: out of scope - MONDO:excludeHistoricalDisease. Term to consider: -	https://github.com/monarch-initiative/mondo/issues/4069|https://github.com/monarch-initiative/mondo/issues/7700	2024-09-01
MONDO:0017500	congenital absence of both lower leg and foot, unilateral	Reason of obsoletion: out of scope - MONDO:excludeHistoricalDisease. Term to consider: -	https://github.com/monarch-initiative/mondo/issues/4069|https://github.com/monarch-initiative/mondo/issues/7700	2024-09-01
MONDO:0017502	acheiria, unilateral	Reason of obsoletion: out of scope - MONDO:excludeHistoricalDisease. Term to consider: -	https://github.com/monarch-initiative/mondo/issues/7700	2024-09-01
MONDO:0017504	apodia, unilateral	Reason of obsoletion: out of scope - MONDO:excludeHistoricalDisease. Term to consider: -	https://github.com/monarch-initiative/mondo/issues/7700	2024-09-01
MONDO:0017509	adactyly of foot, unilateral	Reason of obsoletion: out of scope - MONDO:excludeHistoricalDisease. Term to consider: -	https://github.com/monarch-initiative/mondo/issues/7700	2024-09-01
MONDO:0017511	split hand, unilateral	Reason of obsoletion: out of scope - MONDO:excludeHistoricalDisease. Term to consider: -	https://github.com/monarch-initiative/mondo/issues/7700	2024-09-01
MONDO:0017513	split foot, unilateral	Reason of obsoletion: out of scope - MONDO:excludeHistoricalDisease. Term to consider: -	https://github.com/monarch-initiative/mondo/issues/7700	2024-09-01
MONDO:0017515	brachydactyly of fingers, unilateral	Reason of obsoletion: out of scope - MONDO:excludeHistoricalDisease. Term to consider: -	https://github.com/monarch-initiative/mondo/issues/7700	2024-09-01
MONDO:0017517	brachydactyly of toes, unilateral	Reason of obsoletion: out of scope - MONDO:excludeHistoricalDisease. Term to consider: -	https://github.com/monarch-initiative/mondo/issues/7700	2024-09-01
MONDO:0017519	symbrachydactyly of hand and foot, unilateral	Reason of obsoletion: out of scope - MONDO:excludeHistoricalDisease. Term to consider: -	https://github.com/monarch-initiative/mondo/issues/7700	2024-09-01
MONDO:0017521	hyperphalangy, unilateral	Reason of obsoletion: out of scope - MONDO:excludeHistoricalDisease. Term to consider: -	https://github.com/monarch-initiative/mondo/issues/7700	2024-09-01
MONDO:0017522	hyperphalangy, bilateral	Reason of obsoletion: out of scope - MONDO:excludeHistoricalDisease. Term to consider: -	https://github.com/monarch-initiative/mondo/issues/7700	2024-09-01
MONDO:0017523	polydactyly of a biphalangeal thumb, unilateral	Reason of obsoletion: out of scope - MONDO:excludeHistoricalDisease. Term to consider: -	https://github.com/monarch-initiative/mondo/issues/7700	2024-09-01
MONDO:0017524	polydactyly of a biphalangeal thumb, bilateral	Reason of obsoletion: out of scope - MONDO:excludeHistoricalDisease. Term to consider: -	https://github.com/monarch-initiative/mondo/issues/7700	2024-09-01
MONDO:0017525	polydactyly of a triphalangeal thumb, unilateral	Reason of obsoletion: out of scope - MONDO:excludeHistoricalDisease. Term to consider: -	https://github.com/monarch-initiative/mondo/issues/7700	2024-09-01
MONDO:0017526	polydactyly of a triphalangeal thumb, bilateral	Reason of obsoletion: out of scope - MONDO:excludeHistoricalDisease. Term to consider: -	https://github.com/monarch-initiative/mondo/issues/7700	2024-09-01
MONDO:0017527	polydactyly of an index finger, unilateral	Reason of obsoletion: out of scope - MONDO:excludeHistoricalDisease. Term to consider: -	https://github.com/monarch-initiative/mondo/issues/7700	2024-09-01
MONDO:0017529	polysyndactyly, unilateral	Reason of obsoletion: out of scope - MONDO:excludeHistoricalDisease. Term to consider: -	https://github.com/monarch-initiative/mondo/issues/7700	2024-09-01
MONDO:0017530	polysyndactyly, bilateral	Reason of obsoletion: out of scope - MONDO:excludeHistoricalDisease. Term to consider: -	https://github.com/monarch-initiative/mondo/issues/7700	2024-09-01
MONDO:0017531	postaxial polydactyly type A, unilateral	Reason of obsoletion: out of scope - MONDO:excludeHistoricalDisease. Term to consider: -	https://github.com/monarch-initiative/mondo/issues/7700	2024-09-01
MONDO:0017532	postaxial polydactyly type A, bilateral	Reason of obsoletion: out of scope - MONDO:excludeHistoricalDisease. Term to consider: -	https://github.com/monarch-initiative/mondo/issues/7700	2024-09-01
MONDO:0017533	postaxial polydactyly type B, unilateral	Reason of obsoletion: out of scope - MONDO:excludeHistoricalDisease. Term to consider: -	https://github.com/monarch-initiative/mondo/issues/7700	2024-09-01
MONDO:0017534	postaxial polydactyly type B, bilateral	Reason of obsoletion: out of scope - MONDO:excludeHistoricalDisease. Term to consider: -	https://github.com/monarch-initiative/mondo/issues/7700	2024-09-01
MONDO:0017535	central polydactyly of fingers, unilateral	Reason of obsoletion: out of scope - MONDO:excludeHistoricalDisease. Term to consider: -	https://github.com/monarch-initiative/mondo/issues/7700	2024-09-01
MONDO:0017537	Preaxial polydactyly of toes, unilateral	Reason of obsoletion: out of scope - MONDO:excludeHistoricalDisease. Term to consider: -	https://github.com/monarch-initiative/mondo/issues/7700	2024-09-01
MONDO:0017548	humero-radio-ulnar synostosis, unilateral	Reason of obsoletion: out of scope - MONDO:excludeHistoricalDisease. Term to consider: -	https://github.com/monarch-initiative/mondo/issues/7700	2024-09-01
MONDO:0017550	humero-radial synostosis, unilateral	Reason of obsoletion: out of scope - MONDO:excludeHistoricalDisease. Term to consider: -	https://github.com/monarch-initiative/mondo/issues/7700	2024-09-01
MONDO:0017551	humero-radial synostosis, bilateral	Reason of obsoletion: out of scope - MONDO:excludeHistoricalDisease. Term to consider: -	https://github.com/monarch-initiative/mondo/issues/7700	2024-09-01
MONDO:0017556	Madelung deformity, unilateral	Reason of obsoletion: out of scope - MONDO:excludeHistoricalDisease. Term to consider: -	https://github.com/monarch-initiative/mondo/issues/7700	2024-09-01
MONDO:0017562	congenital patella dislocation, unilateral	Reason of obsoletion: out of scope - MONDO:excludeHistoricalDisease. Term to consider: -	https://github.com/monarch-initiative/mondo/issues/7700|https://github.com/monarch-initiative/mondo/issues/4069	2024-09-01
MONDO:0017613	intellectual disability-hypotonia-skin hyperpigmentation syndrome	Reason of obsoletion: out of scope - MONDO:excludeHistoricalDisease. Term to consider: -	https://github.com/monarch-initiative/mondo/issues/5588|https://github.com/monarch-initiative/mondo/issues/7700	2024-09-01
MONDO:0017616	X-linked intellectual disability, Schutz type	Reason of obsoletion: out of scope - MONDO:excludeHistoricalDisease. Term to consider: -	https://github.com/monarch-initiative/mondo/issues/5588|https://github.com/monarch-initiative/mondo/issues/7700	2024-09-01
MONDO:0017642	intellectual disability-microcephaly-phalangeal-facial abnormalities syndrome	Reason of obsoletion: out of scope - MONDO:excludeHistoricalDisease. Term to consider: -	https://github.com/monarch-initiative/mondo/issues/5588|https://github.com/monarch-initiative/mondo/issues/7700	2024-09-01
MONDO:0018234	dysostosis	Reason of obsoletion: out of scope - MONDO:excludeHistoricalDisease. Term to consider: -	https://github.com/monarch-initiative/mondo/issues/7861|https://github.com/monarch-initiative/mondo/issues/4994	2024-09-01
MONDO:0018503	carcinoma of stomach, salivary gland type	Reason of obsoletion: out of scope - MONDO:excludeHistoricalDisease. Term to consider: -	https://github.com/monarch-initiative/mondo/issues/7700	2024-09-01
MONDO:0018774	erythrokeratodermia-cardiomyopathy syndrome	Reason: duplicate. This will be merged with MONDO:0014355 cardiomyopathy, dilated, with wooly hair, keratoderma, and tooth agenesis	https://github.com/monarch-initiative/mondo/issues/7435|https://github.com/monarch-initiative/mondo/issues/324	2024-06-01
MONDO:0018814	non-SCID combined immunodeficiency	Reason of obsoletion: grouping class - MONDO:excludeGroupingClass. Term to consider: combined immunodeficiency-MONDO:0015131	https://github.com/monarch-initiative/mondo/issues/7461|https://github.com/monarch-initiative/mondo/issues/711|https://github.com/monarch-initiative/mondo/issues/108	2024-06-01
MONDO:0019397	unknown leukodystrophy	Reason of obsoletion: out of scope - MONDO:excludeHistoricalDisease. Term to consider: -	https://github.com/monarch-initiative/mondo/issues/7700	2024-09-01
MONDO:0019417	X-linked intellectual disability-precocious puberty-obesity syndrome	Reason of obsoletion: out of scope - MONDO:excludeHistoricalDisease. Term to consider: -	https://github.com/monarch-initiative/mondo/issues/7700|https://github.com/monarch-initiative/mondo/issues/5588	2024-09-01
MONDO:0019649	idiopathic steroid-sensitive nephrotic syndrome with focal segmental hyalinosis	Reason of obsoletion: out of scope - MONDO:excludeHistoricalDisease. Term to consider: -	https://github.com/monarch-initiative/mondo/issues/7700	2024-09-01
MONDO:0019650	idiopathic steroid-sensitive nephrotic syndrome with minimal change	Reason of obsoletion: out of scope - MONDO:excludeHistoricalDisease. Term to consider: -	https://github.com/monarch-initiative/mondo/issues/7700	2024-09-01
MONDO:0019651	idiopathic steroid-sensitive nephrotic syndrome with diffuse mesangial proliferation	Reason of obsoletion: out of scope - MONDO:excludeHistoricalDisease. Term to consider: -	https://github.com/monarch-initiative/mondo/issues/7700	2024-09-01
MONDO:0019652	familial idiopathic steroid-resistant nephrotic syndrome with diffuse mesangial proliferation	Reason of obsoletion: out of scope - MONDO:excludeHistoricalDisease. Term to consider: -	https://github.com/monarch-initiative/mondo/issues/7700	2024-09-01
MONDO:0019653	familial idiopathic steroid-resistant nephrotic syndrome with minimal changes	Reason of obsoletion: out of scope - MONDO:excludeHistoricalDisease. Term to consider: -	https://github.com/monarch-initiative/mondo/issues/7700	2024-09-01
MONDO:0019654	familial idiopathic steroid-resistant nephrotic syndrome with diffuse mesangial sclerosis	Reason of obsoletion: out of scope - MONDO:excludeHistoricalDisease. Term to consider: -	https://github.com/monarch-initiative/mondo/issues/7700	2024-09-01
MONDO:0019655	sporadic idiopathic steroid-resistant nephrotic syndrome with focal segmental hyalinosis	Reason of obsoletion: out of scope - MONDO:excludeHistoricalDisease. Term to consider: -	https://github.com/monarch-initiative/mondo/issues/7700	2024-09-01
MONDO:0019656	sporadic idiopathic steroid-resistant nephrotic syndrome with diffuse mesangial sclerosis	Reason of obsoletion: out of scope - MONDO:excludeHistoricalDisease. Term to consider: -	https://github.com/monarch-initiative/mondo/issues/7700	2024-09-01
MONDO:0019738	atypical hemolytic-uremic syndrome with H factor anomaly	Reason of obsoletion: out of scope - MONDO:excludeHistoricalDisease. Term to consider: -	https://github.com/monarch-initiative/mondo/issues/7700	2024-09-01
MONDO:0019752	pediatric Castleman disease	Reason of obsoletion: out of scope - MONDO:excludeHistoricalDisease. Term to consider: -	https://github.com/monarch-initiative/mondo/issues/7700	2024-09-01
MONDO:0019770	X-linked dominant intellectual disability-epilepsy syndrome	Reason of obsoletion: out of scope - MONDO:excludeHistoricalDisease. Term to consider: -	https://github.com/monarch-initiative/mondo/issues/7700	2024-09-01
MONDO:0019821	aneurysm or dilatation of ascending aorta	Reason of obsoletion: out of scope - MONDO:excludeHistoricalDisease. Term to consider: -	https://github.com/monarch-initiative/mondo/issues/6876|https://github.com/monarch-initiative/mondo/issues/7700|https://github.com/monarch-initiative/mondo/issues/6740	2024-09-01
MONDO:0019986	sporadic idiopathic steroid-resistant nephrotic syndrome with collapsing glomerulopathy	Reason of obsoletion: out of scope - MONDO:excludeHistoricalDisease. Term to consider: -	https://github.com/monarch-initiative/mondo/issues/7700	2024-09-01
MONDO:0020173	benign tumor of palpebral epidermis	Reason of obsoletion: out of scope - MONDO:excludeHistoricalDisease. Term to consider: -	https://github.com/monarch-initiative/mondo/issues/7700	2024-09-01
MONDO:0020175	malignant tumor of palpebral epidermis	Reason of obsoletion: duplicate. This will be merged with MONDO:0021313 eyelid cancer	https://github.com/monarch-initiative/mondo/issues/7698	2024-08-01
MONDO:0020183	neurogenic palpebral tumor	Reason of obsoletion: out of scope - MONDO:excludeHistoricalDisease. Term to consider: -	https://github.com/monarch-initiative/mondo/issues/7700	2024-09-01
MONDO:0020252	essential strabismus	Reason of obsoletion: out of scope - MONDO:excludeHistoricalDisease. Term to consider: -	https://github.com/monarch-initiative/mondo/issues/7700|https://github.com/monarch-initiative/mondo/issues/6744	2024-09-01
MONDO:0020353	von Hippel anomaly	Reason of obsoletion: out of scope - MONDO:excludeHistoricalDisease. Term to consider: -	https://github.com/monarch-initiative/mondo/issues/7700	2024-09-01
MONDO:0020477	progeria-associated arthropathy	Reason of obsoletion: out of scope - MONDO:excludeHistoricalDisease. Term to consider: -	https://github.com/monarch-initiative/mondo/issues/7700	2024-09-01
MONDO:0020637	Mendelian susceptibility to mycobacterial diseases due to a partial deficiency	Reason of obsoletion: out of scope - MONDO:excludeHistoricalDisease. Term to consider: -	https://github.com/monarch-initiative/mondo/issues/7700	2024-09-01
MONDO:0020651	mixed germ cell tumor of vulva	Reason of obsoletion: out of scope - MONDO:excludeHistoricalDisease. Term to consider: -	https://github.com/monarch-initiative/mondo/issues/7700	2024-09-01
MONDO:0020652	immature teratoma of vulva	Reason of obsoletion: out of scope - MONDO:excludeHistoricalDisease. Term to consider: -	https://github.com/monarch-initiative/mondo/issues/7700	2024-09-01
MONDO:0020659	upper tract urothelial carcinoma	Reason of obsoletion: duplicate. This will be merged with MONDO:0020654 renal pelvis/ureter urothelial carcinoma	https://github.com/monarch-initiative/mondo/issues/7658	2024-07-01
MONDO:0020672	vascular occlusion disorder	Reason of obsoletion: out of scope - MONDO:excludeHistoricalDisease. Term to consider: -	https://github.com/monarch-initiative/mondo/issues/7700	2024-09-01
MONDO:0020732	progeria	Reason: duplicate. This will be merged with MONDO:0015333 Progeria	https://github.com/monarch-initiative/mondo/issues/5537|https://github.com/monarch-initiative/mondo/issues/6227	2023-08-01
MONDO:0021017	synaptopathy	Reason of obsoletion: out of scope - MONDO:excludeHistoricalDisease. Term to consider: -	https://github.com/monarch-initiative/mondo/issues/7700	2024-09-01
MONDO:0021130	disorder of sphingolipid biosynthesis	Reason of obsoletion: out of scope - MONDO:excludeHistoricalDisease. Term to consider: -	https://github.com/monarch-initiative/mondo/issues/7700	2024-09-01
MONDO:0021135	rare or common	Reason for obsoletion: this term was created for characterizing a disease via axiom. We do not maintain axioms to indicate that a disease is rare/not-rare. Please use the Mondo rare disease subset for identify rare diseases.	https://github.com/monarch-initiative/mondo/issues/6448|https://github.com/monarch-initiative/mondo/issues/254	2024-08-01
MONDO:0021136	rare	Reason for obsoletion: this term was created for characterizing a disease via axiom. We do not maintain axioms to indicate that a disease is rare/not-rare. Please use the Mondo rare disease subset for identify rare diseases.	https://github.com/monarch-initiative/mondo/issues/6448	2024-08-01
MONDO:0021137	not rare	Reason for obsoletion: this term was created for characterizing a disease via axiom. We do not maintain axioms to indicate that a disease is rare/not-rare. Please use the Mondo rare disease subset for identify rare diseases.	https://github.com/monarch-initiative/mondo/issues/6448	2024-08-01
MONDO:0021260	sensory ganglionopathy	Reason of obsoletion: out of scope - MONDO:excludeHistoricalDisease. Term to consider: -	https://github.com/monarch-initiative/mondo/issues/7700	2024-09-01
MONDO:0021635	neurocristopathy	Reason of obsoletion: out of scope - MONDO:excludeHistoricalDisease. Term to consider: -	https://github.com/monarch-initiative/mondo/issues/7700	2024-09-01
MONDO:0021762	acrocoxomesomelic dysplasia	Reason of obsoletion: out of scope - MONDO:excludeHistoricalDisease. Term to consider: -	https://github.com/monarch-initiative/mondo/issues/7700	2024-09-01
MONDO:0021764	acrofacial dysostosis Preis type	Reason of obsoletion: out of scope - MONDO:excludeHistoricalDisease. Term to consider: -	https://github.com/monarch-initiative/mondo/issues/7700	2024-09-01
MONDO:0021905	Apert-like polydactyly syndrome	Reason of obsoletion: out of scope - MONDO:excludeHistoricalDisease. Term to consider: -	https://github.com/monarch-initiative/mondo/issues/7700	2024-09-01
MONDO:0021907	aplasia cutis autosomal recessive	Reason of obsoletion: out of scope - MONDO:excludeHistoricalDisease. Term to consider: -	https://github.com/monarch-initiative/mondo/issues/7700	2024-09-01
MONDO:0021908	aplasia cutis congenita dominant	Reason of obsoletion: out of scope - MONDO:excludeHistoricalDisease. Term to consider: -	https://github.com/monarch-initiative/mondo/issues/7700	2024-09-01
MONDO:0022380	acute lymphoblastic leukemia congenital sporadic aniridia	Reason of obsoletion: out of scope - MONDO:excludeHistoricalDisease. Term to consider: -	https://github.com/monarch-initiative/mondo/issues/7700	2024-09-01
MONDO:0022398	aglossia and situs inversus	Editor note: check relationship to MONDO:0008740. Reason of obsoletion: out of scope - MONDO:excludeHistoricalDisease. Term to consider: -	https://github.com/monarch-initiative/mondo/issues/7700	2024-09-01
MONDO:0022401	agyria pachygyria polymicrogyria	Reason of obsoletion: out of scope - MONDO:excludeHistoricalDisease. Term to consider: -	https://github.com/monarch-initiative/mondo/issues/7700	2024-09-01
MONDO:0022402	agyria-pachygyria type 1	Reason of obsoletion: out of scope - MONDO:excludeHistoricalDisease. Term to consider: -	https://github.com/monarch-initiative/mondo/issues/7700	2024-09-01
MONDO:0022413	Albright-like syndrome	Reason of obsoletion: out of scope - MONDO:excludeHistoricalDisease. Term to consider: -	https://github.com/monarch-initiative/mondo/issues/7700	2024-09-01
MONDO:0022444	amyloidosis bronchopulmonary	Reason of obsoletion: out of scope - MONDO:excludeHistoricalDisease. Term to consider: -	https://github.com/monarch-initiative/mondo/issues/7700	2024-09-01
MONDO:0022454	angiosarcoma of the scalp	Reason of obsoletion: out of scope - MONDO:excludeHistoricalDisease. Term to consider: -	https://github.com/monarch-initiative/mondo/issues/7700	2024-09-01
MONDO:0022456	ankle defects short stature	Reason of obsoletion: out of scope - MONDO:excludeHistoricalDisease. Term to consider: -	https://github.com/monarch-initiative/mondo/issues/7700	2024-09-01
MONDO:0022457	ankyloblepharon filiforme imperforate anus	Reason of obsoletion: out of scope - MONDO:excludeHistoricalDisease. Term to consider: -	https://github.com/monarch-initiative/mondo/issues/7700	2024-09-01
MONDO:0022458	annular constricting bands	Reason of obsoletion: out of scope - MONDO:excludeHistoricalDisease. Term to consider: -	https://github.com/monarch-initiative/mondo/issues/7700	2024-09-01
MONDO:0022461	anophthalmia cleft palate micrognathia	Reason of obsoletion: out of scope - MONDO:excludeHistoricalDisease. Term to consider: -	https://github.com/monarch-initiative/mondo/issues/7700	2024-09-01
MONDO:0022462	anophthalmia esophageal atresia cryptorchidism	Reason of obsoletion: out of scope - MONDO:excludeHistoricalDisease. Term to consider: -	https://github.com/monarch-initiative/mondo/issues/7700	2024-09-01
MONDO:0022465	anotia facial palsy cardiac defect	Reason of obsoletion: out of scope - MONDO:excludeHistoricalDisease. Term to consider: -	https://github.com/monarch-initiative/mondo/issues/7700	2024-09-01
MONDO:0022470	aortic dissection lentiginosis	Reason of obsoletion: out of scope - MONDO:excludeHistoricalDisease. Term to consider: -	https://github.com/monarch-initiative/mondo/issues/7700	2024-09-01
MONDO:0022471	childhood aortic valve stenosis	Reason of obsoletion: out of scope - MONDO:excludeHistoricalDisease. Term to consider: -	https://github.com/monarch-initiative/mondo/issues/7700	2024-09-01
MONDO:0022481	APO A-i deficiency	Reason of obsoletion: out of scope - MONDO:excludeHistoricalDisease. Term to consider: -	https://github.com/monarch-initiative/mondo/issues/7700	2024-09-01
MONDO:0022500	arthrogryposis multiplex congenita CNS calcification	Reason of obsoletion: out of scope - MONDO:excludeHistoricalDisease. Term to consider: -	https://github.com/monarch-initiative/mondo/issues/7700	2024-09-01
MONDO:0022504	arthrogryposis spinal muscular atrophy	Reason of obsoletion: out of scope - MONDO:excludeHistoricalDisease. Term to consider: -	https://github.com/monarch-initiative/mondo/issues/7700	2024-09-01
MONDO:0022553	BD syndrome	Reason of obsoletion: out of scope - MONDO:excludeHistoricalDisease. Term to consider: -	https://github.com/monarch-initiative/mondo/issues/7700	2024-09-01
MONDO:0022572	bilateral renal agenesis dominant type	Reason of obsoletion: out of scope - MONDO:excludeHistoricalDisease. Term to consider: -	https://github.com/monarch-initiative/mondo/issues/7700	2024-09-01
MONDO:0022573	biliary atresia intrahepatic non syndromic form	Reason of obsoletion: out of scope - MONDO:excludeHistoricalDisease. Term to consider: -	https://github.com/monarch-initiative/mondo/issues/7700	2024-09-01
MONDO:0022574	biliary atresia intrahepatic syndromic form	Reason of obsoletion: out of scope - MONDO:excludeHistoricalDisease. Term to consider: -	https://github.com/monarch-initiative/mondo/issues/7700	2024-09-01
MONDO:0022575	biliary hypoplasia	Editor note: consider making this a finding; Reason of obsoletion: is a phenotype and not a disease - MONDO:excludePhenotype. Term to consider: -	https://github.com/monarch-initiative/mondo/issues/7548	2024-07-01
MONDO:0022576	bilirubin induced brain injury in the newborn	Reason of obsoletion: out of scope - MONDO:excludeHistoricalDisease. Term to consider: -	https://github.com/monarch-initiative/mondo/issues/7700	2024-09-01
MONDO:0022577	Billet Bear syndrome	Reason of obsoletion: out of scope - MONDO:excludeHistoricalDisease. Term to consider: -	https://github.com/monarch-initiative/mondo/issues/7403|https://github.com/monarch-initiative/mondo/issues/7558	2024-07-01
MONDO:0022580	blepharo naso facial syndrome van Maldergem type	Reason of obsoletion: out of scope - MONDO:excludeHistoricalDisease. Term to consider: -	https://github.com/monarch-initiative/mondo/issues/7700	2024-09-01
MONDO:0022586	bone dysplasia Moore type	Reason of obsoletion: out of scope - MONDO:excludeHistoricalDisease. Term to consider: -	https://github.com/monarch-initiative/mondo/issues/7700	2024-09-01
MONDO:0022587	bone dysplasia corpus callosum agenesis	Reason of obsoletion: out of scope - MONDO:excludeHistoricalDisease. Term to consider: -	https://github.com/monarch-initiative/mondo/issues/7700	2024-09-01
MONDO:0022598	brachydactyly absence of distal phalanges	Reason of obsoletion: out of scope - MONDO:excludeHistoricalDisease. Term to consider: -	https://github.com/monarch-initiative/mondo/issues/7700	2024-09-01
MONDO:0022599	brachydactyly anonychia	Reason of obsoletion: out of scope - MONDO:excludeHistoricalDisease. Term to consider: -	https://github.com/monarch-initiative/mondo/issues/7700	2024-09-01
MONDO:0022602	brachydactyly small stature face anomalies	Reason of obsoletion: out of scope - MONDO:excludeHistoricalDisease. Term to consider: -	https://github.com/monarch-initiative/mondo/issues/7700	2024-09-01
MONDO:0022603	brachydactyly tibial hypoplasia	Reason of obsoletion: out of scope - MONDO:excludeHistoricalDisease. Term to consider: -	https://github.com/monarch-initiative/mondo/issues/7700	2024-09-01
MONDO:0022606	branchial arch disease	Reason of obsoletion: out of scope - MONDO:excludeHistoricalDisease. Term to consider: -	https://github.com/monarch-initiative/mondo/issues/7700	2024-09-01
MONDO:0022608	brittle bone syndrome lethal type	Reason of obsoletion: out of scope - MONDO:excludeHistoricalDisease. Term to consider: -	https://github.com/monarch-initiative/mondo/issues/7700	2024-09-01
MONDO:0022610	bronchiectasis oligospermia	Reason of obsoletion: out of scope - MONDO:excludeHistoricalDisease. Term to consider: -	https://github.com/monarch-initiative/mondo/issues/7700	2024-09-01
MONDO:0022613	bruyn scheltens syndrome	Reason of obsoletion: out of scope - MONDO:excludeHistoricalDisease. Term to consider: -	https://github.com/monarch-initiative/mondo/issues/7700	2024-09-01
MONDO:0022615	burn goodship syndrome	Reason of obsoletion: out of scope - MONDO:excludeHistoricalDisease. Term to consider: -	https://github.com/monarch-initiative/mondo/issues/7700	2024-09-01
MONDO:0022622	congenital disorder of glycosylation syndrome type 4	Reason of obsoletion: out of scope - MONDO:excludeHistoricalDisease. Term to consider: -	https://github.com/monarch-initiative/mondo/issues/7700	2024-09-01
MONDO:0022623	CDK4 linked melanoma	Reason of obsoletion: out of scope - MONDO:excludeHistoricalDisease. Term to consider: -	https://github.com/monarch-initiative/mondo/issues/7700	2024-09-01
MONDO:0022639	Cantu Sanchez-Corona Garcia-Cruz syndrome	Reason of obsoletion: out of scope - MONDO:excludeHistoricalDisease. Term to consider: -	https://github.com/monarch-initiative/mondo/issues/7700	2024-09-01
MONDO:0022645	cardioencephalomyopathy	Reason of obsoletion: out of scope - MONDO:excludeHistoricalDisease. Term to consider: -	https://github.com/monarch-initiative/mondo/issues/7700	2024-09-01
MONDO:0022646	cardiofacial syndrome short limbs	Reason of obsoletion: out of scope - MONDO:excludeHistoricalDisease. Term to consider: -	https://github.com/monarch-initiative/mondo/issues/7700	2024-09-01
MONDO:0022647	cardiomelic syndrome stratton Koehler type	Reason of obsoletion: out of scope - MONDO:excludeHistoricalDisease. Term to consider: -	https://github.com/monarch-initiative/mondo/issues/7700	2024-09-01
MONDO:0022650	cardiomyopathy diabetes deafness	Reason of obsoletion: out of scope - MONDO:excludeHistoricalDisease. Term to consider: -	https://github.com/monarch-initiative/mondo/issues/7700	2024-09-01
MONDO:0022655	cardiomyopathy hypogonadism metabolic anomalies	Reason of obsoletion: out of scope - MONDO:excludeHistoricalDisease. Term to consider: -	https://github.com/monarch-initiative/mondo/issues/7700	2024-09-01
MONDO:0022656	cardiomyopathy spherocytosis	Reason of obsoletion: out of scope - MONDO:excludeHistoricalDisease. Term to consider: -	https://github.com/monarch-initiative/mondo/issues/7700	2024-09-01
MONDO:0022662	carpo tarsal osteolysis recessive	Reason of obsoletion: out of scope - MONDO:excludeHistoricalDisease. Term to consider: -	https://github.com/monarch-initiative/mondo/issues/7700	2024-09-01
MONDO:0022675	cataract skeletal anomalies	Reason of obsoletion: out of scope - MONDO:excludeHistoricalDisease. Term to consider: -	https://github.com/monarch-initiative/mondo/issues/7700	2024-09-01
MONDO:0022691	cerebello-olivary atrophy	Reason of obsoletion: out of scope - MONDO:excludeHistoricalDisease. Term to consider: -	https://github.com/monarch-initiative/mondo/issues/7700	2024-09-01
MONDO:0022693	cerebral calcification cerebellar hypoplasia	Reason of obsoletion: out of scope - MONDO:excludeHistoricalDisease. Term to consider: -	https://github.com/monarch-initiative/mondo/issues/7700	2024-09-01
MONDO:0022694	cerebral calcifications opalescent teeth phosphaturia	Reason of obsoletion: out of scope - MONDO:excludeHistoricalDisease. Term to consider: -	https://github.com/monarch-initiative/mondo/issues/7700	2024-09-01
MONDO:0022729	chondrodysplasia punctata with steroid sulfatase deficiency	Reason of obsoletion: out of scope - MONDO:excludeHistoricalDisease. Term to consider: -	https://github.com/monarch-initiative/mondo/issues/7700	2024-09-01
MONDO:0022733	choreoacanthocytosis amyotrophic	Reason of obsoletion: out of scope - MONDO:excludeHistoricalDisease. Term to consider: -	https://github.com/monarch-initiative/mondo/issues/7700	2024-09-01
MONDO:0022739	Christian Demyer Franken syndrome	Reason of obsoletion: out of scope - MONDO:excludeHistoricalDisease. Term to consider: -	https://github.com/monarch-initiative/mondo/issues/7700	2024-09-01
MONDO:0022740	Christian Johnson angenieta syndrome	Reason of obsoletion: out of scope - MONDO:excludeHistoricalDisease. Term to consider: -	https://github.com/monarch-initiative/mondo/issues/7700	2024-09-01
MONDO:0022765	chronic demyelinizing neuropathy with IgM monoclonal	Reason of obsoletion: out of scope - MONDO:excludeHistoricalDisease. Term to consider: -	https://github.com/monarch-initiative/mondo/issues/7700	2024-09-01
MONDO:0022768	chronic polyradiculoneuritis	Reason of obsoletion: out of scope - MONDO:excludeHistoricalDisease. Term to consider: -	https://github.com/monarch-initiative/mondo/issues/7700	2024-09-01
MONDO:0022769	ciliary dyskinesia-bronchiectasis	Reason of obsoletion: out of scope - MONDO:excludeHistoricalDisease. Term to consider: -	https://github.com/monarch-initiative/mondo/issues/7700	2024-09-01
MONDO:0022770	circumscribed cutaneous aplasia of the vertex	Reason of obsoletion: out of scope - MONDO:excludeHistoricalDisease. Term to consider: -	https://github.com/monarch-initiative/mondo/issues/7700	2024-09-01
MONDO:0022771	circumscribed disseminated keratosis Jadassohn lew type	Reason of obsoletion: out of scope - MONDO:excludeHistoricalDisease. Term to consider: -	https://github.com/monarch-initiative/mondo/issues/7700	2024-09-01
MONDO:0022775	cleft lip and palate malrotation cardiopathy	Reason of obsoletion: out of scope - MONDO:excludeHistoricalDisease. Term to consider: -	https://github.com/monarch-initiative/mondo/issues/7700	2024-09-01
MONDO:0022776	cleft lip and/or palate with mucous cysts of lower	Reason of obsoletion: out of scope - MONDO:excludeHistoricalDisease. Term to consider: -	https://github.com/monarch-initiative/mondo/issues/7700	2024-09-01
MONDO:0022777	cleft lip palate dysmorphism kumar type	Reason of obsoletion: out of scope - MONDO:excludeHistoricalDisease. Term to consider: -	https://github.com/monarch-initiative/mondo/issues/7700	2024-09-01
MONDO:0022778	cleft lip palate intellectual disability corneal opacity	Reason of obsoletion: out of scope - MONDO:excludeHistoricalDisease. Term to consider: -	https://github.com/monarch-initiative/mondo/issues/7700	2024-09-01
MONDO:0022779	cleft lip palate oligodontia syndactyly pili torti	Reason of obsoletion: out of scope - MONDO:excludeHistoricalDisease. Term to consider: -	https://github.com/monarch-initiative/mondo/issues/7700	2024-09-01
MONDO:0022780	cleft lip palate pituitary deficiency	Reason of obsoletion: out of scope - MONDO:excludeHistoricalDisease. Term to consider: -	https://github.com/monarch-initiative/mondo/issues/7700	2024-09-01
MONDO:0022781	cleft lip palate-tetraphocomelia	Reason of obsoletion: out of scope - MONDO:excludeHistoricalDisease. Term to consider: -	https://github.com/monarch-initiative/mondo/issues/7700	2024-09-01
MONDO:0022782	cleft lower lip cleft lateral canthi chorioretinal	Reason of obsoletion: out of scope - MONDO:excludeHistoricalDisease. Term to consider: -	https://github.com/monarch-initiative/mondo/issues/7700	2024-09-01
MONDO:0022785	cleft palate cardiac defect ectrodactyly	Reason of obsoletion: out of scope - MONDO:excludeHistoricalDisease. Term to consider: -	https://github.com/monarch-initiative/mondo/issues/7700	2024-09-01
MONDO:0022786	cleft palate colobomata radial synostosis deafness	Reason of obsoletion: out of scope - MONDO:excludeHistoricalDisease. Term to consider: -	https://github.com/monarch-initiative/mondo/issues/7700	2024-09-01
MONDO:0022787	cleft palate heart disease polydactyly absent tibia	Reason of obsoletion: out of scope - MONDO:excludeHistoricalDisease. Term to consider: -	https://github.com/monarch-initiative/mondo/issues/7700	2024-09-01
MONDO:0022791	coarse face hypotonia constipation	Reason of obsoletion: out of scope - MONDO:excludeHistoricalDisease. Term to consider: -	https://github.com/monarch-initiative/mondo/issues/7700	2024-09-01
MONDO:0022795	deficiency of coenzyme q cytochrome c reductase	Reason of obsoletion: out of scope - MONDO:excludeHistoricalDisease. Term to consider: -	https://github.com/monarch-initiative/mondo/issues/7700	2024-09-01
MONDO:0022798	Cohen Lockood Wyborney syndrome	Reason of obsoletion: out of scope - MONDO:excludeHistoricalDisease. Term to consider: -	https://github.com/monarch-initiative/mondo/issues/7700	2024-09-01
MONDO:0022802	Collins-Sakati syndrome	Reason of obsoletion: out of scope - MONDO:excludeHistoricalDisease. Term to consider: -	https://github.com/monarch-initiative/mondo/issues/7700	2024-09-01
MONDO:0022803	coloboma porencephaly hydronephrosis	Reason of obsoletion: out of scope - MONDO:excludeHistoricalDisease. Term to consider: -	https://github.com/monarch-initiative/mondo/issues/7700	2024-09-01
MONDO:0022804	colobomata unilobar lung heart defect	Reason of obsoletion: out of scope - MONDO:excludeHistoricalDisease. Term to consider: -	https://github.com/monarch-initiative/mondo/issues/7700	2024-09-01
MONDO:0022809	Colver Steer Godman syndrome	Reason of obsoletion: out of scope - MONDO:excludeHistoricalDisease. Term to consider: -	https://github.com/monarch-initiative/mondo/issues/7700	2024-09-01
MONDO:0022810	Combarros Calleja Leno syndrome	Reason of obsoletion: out of scope - MONDO:excludeHistoricalDisease. Term to consider: -	https://github.com/monarch-initiative/mondo/issues/7700	2024-09-01
MONDO:0022818	congenital aneurysms of the great vessels	Reason of obsoletion: out of scope - MONDO:excludeHistoricalDisease. Term to consider: -	https://github.com/monarch-initiative/mondo/issues/7700|https://github.com/monarch-initiative/mondo/issues/4069	2024-09-01
MONDO:0022821	congenital benign spinal muscular atrophy dominant	Reason of obsoletion: out of scope - MONDO:excludeHistoricalDisease. Term to consider: -	https://github.com/monarch-initiative/mondo/issues/4069|https://github.com/monarch-initiative/mondo/issues/7700	2024-09-01
MONDO:0022824	congenital craniosynostosis maternal hyperthyroiditis	Reason of obsoletion: out of scope - MONDO:excludeHistoricalDisease. Term to consider: -	https://github.com/monarch-initiative/mondo/issues/7700	2024-09-01
MONDO:0022826	congenital cystic eye multiple ocular and intracranial anomalies	Reason of obsoletion: out of scope - MONDO:excludeHistoricalDisease. Term to consider: -	https://github.com/monarch-initiative/mondo/issues/7700|https://github.com/monarch-initiative/mondo/issues/4069	2024-09-01
MONDO:0022831	congenital heart disease ptosis hypodontia craniostosis	Reason of obsoletion: out of scope - MONDO:excludeHistoricalDisease. Term to consider: -	https://github.com/monarch-initiative/mondo/issues/4069|https://github.com/monarch-initiative/mondo/issues/7700	2024-09-01
MONDO:0022832	congenital heart disease radio ulnar synostosis intellectual disability	Reason of obsoletion: out of scope - MONDO:excludeHistoricalDisease. Term to consider: -	https://github.com/monarch-initiative/mondo/issues/4069|https://github.com/monarch-initiative/mondo/issues/7700	2024-09-01
MONDO:0022841	congenital hypotrichosis milia	Reason of obsoletion: out of scope - MONDO:excludeHistoricalDisease. Term to consider: -	https://github.com/monarch-initiative/mondo/issues/4069|https://github.com/monarch-initiative/mondo/issues/7700	2024-09-01
MONDO:0022849	congenital stenosis of cervical medullary canal	Reason of obsoletion: out of scope - MONDO:excludeHistoricalDisease. Term to consider: -	https://github.com/monarch-initiative/mondo/issues/7700	2024-09-01
MONDO:0022854	congenital unilateral pulmonary hypoplasia	Reason of obsoletion: out of scope - MONDO:excludeHistoricalDisease. Term to consider: -	https://github.com/monarch-initiative/mondo/issues/4069|https://github.com/monarch-initiative/mondo/issues/7700	2024-09-01
MONDO:0022855	congenital vagal hyperreflexivity	Reason of obsoletion: out of scope - MONDO:excludeHistoricalDisease. Term to consider: -	https://github.com/monarch-initiative/mondo/issues/7700|https://github.com/monarch-initiative/mondo/issues/4069	2024-09-01
MONDO:0022858	continuous spike-wave during slow sleep syndrome	Reason of obsoletion: duplicate. This will be merged with MONDO:0019123 continuous spikes and waves during sleep	https://github.com/monarch-initiative/mondo/issues/7606	2024-07-01
MONDO:0022862	Cormier Rustin Munnich syndrome	Reason of obsoletion: out of scope - MONDO:excludeHistoricalDisease. Term to consider: -	https://github.com/monarch-initiative/mondo/issues/7700	2024-09-01
MONDO:0022863	corneal crystals myopathy neuropathy	Reason of obsoletion: out of scope - MONDO:excludeHistoricalDisease. Term to consider: -	https://github.com/monarch-initiative/mondo/issues/7700	2024-09-01
MONDO:0022865	corneal dystrophy ichthyosis microcephaly intellectual disability	Reason of obsoletion: out of scope - MONDO:excludeHistoricalDisease. Term to consider: -	https://github.com/monarch-initiative/mondo/issues/7700	2024-09-01
MONDO:0022866	corneal dystrophy pigmentary anomaly malabsorption	Reason of obsoletion: out of scope - MONDO:excludeHistoricalDisease. Term to consider: -	https://github.com/monarch-initiative/mondo/issues/7700	2024-09-01
MONDO:0022869	coronary arteries congenital malformation	Reason of obsoletion: duplicate. This will be merged with MONDO:0001389 congenital coronary artery anomaly	https://github.com/monarch-initiative/mondo/issues/7607|https://github.com/monarch-initiative/mondo/issues/4069	2024-07-01
MONDO:0022871	corpus callosum agenesis of blepharophimosis robin type	Reason of obsoletion: out of scope - MONDO:excludeHistoricalDisease. Term to consider: -	https://github.com/monarch-initiative/mondo/issues/7700	2024-09-01
MONDO:0022872	corpus callosum dysgenesis X-linked recessive	Reason of obsoletion: out of scope - MONDO:excludeHistoricalDisease. Term to consider: -	https://github.com/monarch-initiative/mondo/issues/7700	2024-09-01
MONDO:0022873	corpus callosum dysgenesis cleft spasm	Reason of obsoletion: out of scope - MONDO:excludeHistoricalDisease. Term to consider: -	https://github.com/monarch-initiative/mondo/issues/7700	2024-09-01
MONDO:0022874	corpus callosum dysgenesis hypopituitarism	Reason of obsoletion: out of scope - MONDO:excludeHistoricalDisease. Term to consider: -	https://github.com/monarch-initiative/mondo/issues/7700	2024-09-01
MONDO:0022875	cortada Koussef Matsumoto syndrome	Reason of obsoletion: out of scope - MONDO:excludeHistoricalDisease. Term to consider: -	https://github.com/monarch-initiative/mondo/issues/7700	2024-09-01
MONDO:0022876	Cortes Lacassie syndrome	Reason of obsoletion: out of scope - MONDO:excludeHistoricalDisease. Term to consider: -	https://github.com/monarch-initiative/mondo/issues/7700	2024-09-01
MONDO:0022883	craniofacial and skeletal defects	Reason of obsoletion: out of scope - MONDO:excludeHistoricalDisease. Term to consider: -	https://github.com/monarch-initiative/mondo/issues/7700	2024-09-01
MONDO:0022887	craniofrontonasal syndrome Teebi type	Reason of obsoletion: out of scope - MONDO:excludeHistoricalDisease. Term to consider: -	https://github.com/monarch-initiative/mondo/issues/7700	2024-09-01
MONDO:0022888	craniostenosis cataract	Reason of obsoletion: out of scope - MONDO:excludeHistoricalDisease. Term to consider: -	https://github.com/monarch-initiative/mondo/issues/7700	2024-09-01
MONDO:0022889	craniostenosis with congenital heart disease intellectual disability	Reason of obsoletion: out of scope - MONDO:excludeHistoricalDisease. Term to consider: -	https://github.com/monarch-initiative/mondo/issues/4069|https://github.com/monarch-initiative/mondo/issues/7700	2024-09-01
MONDO:0022890	craniosynostosis Fontaine type	Reason of obsoletion: out of scope - MONDO:excludeHistoricalDisease. Term to consider: -	https://github.com/monarch-initiative/mondo/issues/7700	2024-09-01
MONDO:0022891	craniosynostosis Maroteaux Fonfria type	Reason of obsoletion: out of scope - MONDO:excludeHistoricalDisease. Term to consider: -	https://github.com/monarch-initiative/mondo/issues/7700	2024-09-01
MONDO:0022892	craniosynostosis alopecia brain defect	Reason of obsoletion: out of scope - MONDO:excludeHistoricalDisease. Term to consider: -	https://github.com/monarch-initiative/mondo/issues/7700	2024-09-01
MONDO:0022893	craniosynostosis arthrogryposis cleft palate	Reason of obsoletion: out of scope - MONDO:excludeHistoricalDisease. Term to consider: -	https://github.com/monarch-initiative/mondo/issues/7700	2024-09-01
MONDO:0022894	craniosynostosis autosomal dominant	Reason of obsoletion: out of scope - MONDO:excludeHistoricalDisease. Term to consider: -	https://github.com/monarch-initiative/mondo/issues/7700	2024-09-01
MONDO:0022895	craniosynostosis cleft lip palate arthrogryposis	Reason of obsoletion: out of scope - MONDO:excludeHistoricalDisease. Term to consider: -	https://github.com/monarch-initiative/mondo/issues/7700	2024-09-01
MONDO:0022897	craniosynostosis exostoses nevus epibulbar dermoid	Reason of obsoletion: out of scope - MONDO:excludeHistoricalDisease. Term to consider: -	https://github.com/monarch-initiative/mondo/issues/7700	2024-09-01
MONDO:0022898	craniosynostosis intellectual disability heart defects	Reason of obsoletion: out of scope - MONDO:excludeHistoricalDisease. Term to consider: -	https://github.com/monarch-initiative/mondo/issues/7700	2024-09-01
MONDO:0022899	crawfurd syndrome	Reason of obsoletion: out of scope - MONDO:excludeHistoricalDisease. Term to consider: -	https://github.com/monarch-initiative/mondo/issues/7700	2024-09-01
MONDO:0022900	athyreotic congenital hypothyroidism	Reason of obsoletion: out of scope - MONDO:excludeHistoricalDisease. Term to consider: athyreosis-MONDO:0019855	https://github.com/monarch-initiative/mondo/issues/7357|https://github.com/monarch-initiative/mondo/issues/4069	2024-06-01
MONDO:0022907	cutaneous sclerosis	Reason of obsoletion: out of scope - MONDO:excludeHistoricalDisease. Term to consider: -	https://github.com/monarch-initiative/mondo/issues/7700	2024-09-01
MONDO:0022908	cutis gyratum acanthosis nigricans craniosynostosis	Reason of obsoletion: out of scope - MONDO:excludeHistoricalDisease. Term to consider: -	https://github.com/monarch-initiative/mondo/issues/7700	2024-09-01
MONDO:0022909	cutis laxa osteoporosis	Reason of obsoletion: out of scope - MONDO:excludeHistoricalDisease. Term to consider: -	https://github.com/monarch-initiative/mondo/issues/7700	2024-09-01
MONDO:0022912	cutis verticis gyrata mental deficiency	Reason of obsoletion: out of scope - MONDO:excludeHistoricalDisease. Term to consider: -	https://github.com/monarch-initiative/mondo/issues/7700	2024-09-01
MONDO:0022919	cytokine receptor deficiency	Editor note: todo, align. Reason of obsoletion: out of scope - MONDO:excludeHistoricalDisease. Term to consider: -	https://github.com/monarch-initiative/mondo/issues/7700	2024-09-01
MONDO:0022937	deafness conductive stapedial ear malformation facial palsy	Reason of obsoletion: out of scope - MONDO:excludeHistoricalDisease. Term to consider: -	https://github.com/monarch-initiative/mondo/issues/7700	2024-09-01
MONDO:0022938	deafness goiter stippled epiphyses	Reason of obsoletion: out of scope - MONDO:excludeHistoricalDisease. Term to consider: -	https://github.com/monarch-initiative/mondo/issues/7700	2024-09-01
MONDO:0022941	deafness hypospadias metacarpal and metatarsal syndrome	Reason of obsoletion: out of scope - MONDO:excludeHistoricalDisease. Term to consider: -	https://github.com/monarch-initiative/mondo/issues/7700	2024-09-01
MONDO:0022942	deafness mesenteric diverticula of small bowel neuropathy	Reason of obsoletion: out of scope - MONDO:excludeHistoricalDisease. Term to consider: -	https://github.com/monarch-initiative/mondo/issues/7700	2024-09-01
MONDO:0022945	deafness peripheral neuropathy arterial disease	Reason of obsoletion: out of scope - MONDO:excludeHistoricalDisease. Term to consider: -	https://github.com/monarch-initiative/mondo/issues/7700	2024-09-01
MONDO:0022946	deafness progressive cataract autosomal dominant	Reason of obsoletion: out of scope - MONDO:excludeHistoricalDisease. Term to consider: -	https://github.com/monarch-initiative/mondo/issues/7700	2024-09-01
MONDO:0022949	defective apolipoprotein b-100	Reason of obsoletion: out of scope - MONDO:excludeHistoricalDisease. Term to consider: -	https://github.com/monarch-initiative/mondo/issues/7700	2024-09-01
MONDO:0022960	dermatocardioskeletal syndrome boronne type	Reason of obsoletion: out of scope - MONDO:excludeHistoricalDisease. Term to consider: -	https://github.com/monarch-initiative/mondo/issues/7700	2024-09-01
MONDO:0022971	diabetes persistent mullerian ducts	Reason of obsoletion: out of scope - MONDO:excludeHistoricalDisease. Term to consider: -	https://github.com/monarch-initiative/mondo/issues/7700	2024-09-01
MONDO:0022975	diaphragmatic agenesis radial aplasia omphalocele	Reason of obsoletion: out of scope - MONDO:excludeHistoricalDisease. Term to consider: -	https://github.com/monarch-initiative/mondo/issues/7700	2024-09-01
MONDO:0022977	diaphragmatic hernia exomphalos corpus callosum agenesis	Reason of obsoletion: out of scope - MONDO:excludeHistoricalDisease. Term to consider: -	https://github.com/monarch-initiative/mondo/issues/7700	2024-09-01
MONDO:0022978	diaphragmatic hernia upper limb defects	Reason of obsoletion: out of scope - MONDO:excludeHistoricalDisease. Term to consider: -	https://github.com/monarch-initiative/mondo/issues/7700	2024-09-01
MONDO:0022981	die Smulders droog van dijk syndrome	Reason of obsoletion: out of scope - MONDO:excludeHistoricalDisease. Term to consider: -	https://github.com/monarch-initiative/mondo/issues/7700	2024-09-01
MONDO:0022982	die Smulders Vles Fryns syndrome	Reason of obsoletion: duplicate. This will be merged with MONDO:0015235 arachnodactyly-intellectual disability-dysmorphism syndrome	https://github.com/monarch-initiative/mondo/issues/7608	2024-07-01
MONDO:0022985	diffuse cavernous hemangioma of the rectum	Reason of obsoletion: out of scope - MONDO:excludeHistoricalDisease. Term to consider: -	https://github.com/monarch-initiative/mondo/issues/7700	2024-09-01
MONDO:0022989	diomedi bernardi placidi syndrome	Reason of obsoletion: out of scope - MONDO:excludeHistoricalDisease. Term to consider: -	https://github.com/monarch-initiative/mondo/issues/7700	2024-09-01
MONDO:0022990	diphallus rachischisis imperforate anus	Reason of obsoletion: out of scope - MONDO:excludeHistoricalDisease. Term to consider: -	https://github.com/monarch-initiative/mondo/issues/7700	2024-09-01
MONDO:0022999	distichiasis heart congenital anomalies	Reason of obsoletion: out of scope - MONDO:excludeHistoricalDisease. Term to consider: -	https://github.com/monarch-initiative/mondo/issues/7700|https://github.com/monarch-initiative/mondo/issues/4069	2024-09-01
MONDO:0023003	double fingernail of fifth finger	Editor note: consider making a grouping class with MONDO:0007469	https://github.com/monarch-initiative/mondo/issues/7700	2024-09-01
MONDO:0023006	doxorubicin induced cardiomyopathy	Reason of obsoletion: out of scope - MONDO:excludeHistoricalDisease. Term to consider: -	https://github.com/monarch-initiative/mondo/issues/7700	2024-09-01
MONDO:0023015	duodenal atresia tetralogy of fallot	Reason of obsoletion: out of scope - MONDO:excludeHistoricalDisease. Term to consider: -	https://github.com/monarch-initiative/mondo/issues/7700	2024-09-01
MONDO:0023016	duplication of leg mirror foot	Reason of obsoletion: out of scope - MONDO:excludeHistoricalDisease. Term to consider: -	https://github.com/monarch-initiative/mondo/issues/7700	2024-09-01
MONDO:0023017	duplication of the thumb unilateral biphalangeal	Reason of obsoletion: out of scope - MONDO:excludeHistoricalDisease. Term to consider: -	https://github.com/monarch-initiative/mondo/issues/7700	2024-09-01
MONDO:0023018	dupont sellier chochillon syndrome	Reason of obsoletion: out of scope - MONDO:excludeHistoricalDisease. Term to consider: -	https://github.com/monarch-initiative/mondo/issues/7700	2024-09-01
MONDO:0023019	dwarfism bluish sclerae	Reason of obsoletion: out of scope - MONDO:excludeHistoricalDisease. Term to consider: -	https://github.com/monarch-initiative/mondo/issues/7700	2024-09-01
MONDO:0023020	dwarfism deafness retinitis pigmentosa	Reason of obsoletion: out of scope - MONDO:excludeHistoricalDisease. Term to consider: -	https://github.com/monarch-initiative/mondo/issues/7700	2024-09-01
MONDO:0023021	dwarfism lethal type advanced bone age	Reason of obsoletion: out of scope - MONDO:excludeHistoricalDisease. Term to consider: -	https://github.com/monarch-initiative/mondo/issues/7700	2024-09-01
MONDO:0023030	dysmorphism cleft palate loose skin	Reason of obsoletion: out of scope - MONDO:excludeHistoricalDisease. Term to consider: -	https://github.com/monarch-initiative/mondo/issues/7700	2024-09-01
MONDO:0023040	ectodermal dysplasia Bartalos type	Reason of obsoletion: out of scope - MONDO:excludeHistoricalDisease. Term to consider: -	https://github.com/monarch-initiative/mondo/issues/7700	2024-09-01
MONDO:0023042	ectodermal dysplasia margarita type	Reason of obsoletion: out of scope - MONDO:excludeHistoricalDisease. Term to consider: -	https://github.com/monarch-initiative/mondo/issues/7700	2024-09-01
MONDO:0023045	ectodermal dysplasia arthrogryposis diabetes mellitus	Reason of obsoletion: out of scope - MONDO:excludeHistoricalDisease. Term to consider: -	https://github.com/monarch-initiative/mondo/issues/7700	2024-09-01
MONDO:0023046	ectodermal dysplasia blindness	Reason of obsoletion: out of scope - MONDO:excludeHistoricalDisease. Term to consider: -	https://github.com/monarch-initiative/mondo/issues/7700	2024-09-01
MONDO:0023048	ectodermal dysplasia neurosensory deafness	Reason of obsoletion: out of scope - MONDO:excludeHistoricalDisease. Term to consider: -	https://github.com/monarch-initiative/mondo/issues/7700	2024-09-01
MONDO:0023061	enamel hypoplasia cataract hydrocephaly	Reason of obsoletion: out of scope - MONDO:excludeHistoricalDisease. Term to consider: -	https://github.com/monarch-initiative/mondo/issues/7700	2024-09-01
MONDO:0023062	encephalocele anencephaly	Reason of obsoletion: out of scope - MONDO:excludeHistoricalDisease. Term to consider: -	https://github.com/monarch-initiative/mondo/issues/7700	2024-09-01
MONDO:0023068	Engelhard Yatziv syndrome	Reason of obsoletion: out of scope - MONDO:excludeHistoricalDisease. Term to consider: -	https://github.com/monarch-initiative/mondo/issues/7700	2024-09-01
MONDO:0023079	epidermal nevus vitamin D resistant rickets	Reason of obsoletion: out of scope - MONDO:excludeHistoricalDisease. Term to consider: -	https://github.com/monarch-initiative/mondo/issues/7700	2024-09-01
MONDO:0023083	epimetaphyseal dysplasia cataract	Reason of obsoletion: out of scope - MONDO:excludeHistoricalDisease. Term to consider: -	https://github.com/monarch-initiative/mondo/issues/7700	2024-09-01
MONDO:0023084	epiphyseal dysplasia dysmorphism camptodactyly	Reason of obsoletion: out of scope - MONDO:excludeHistoricalDisease. Term to consider: -	https://github.com/monarch-initiative/mondo/issues/7700	2024-09-01
MONDO:0023091	esophageal atresia coloboma talipes	Reason of obsoletion: out of scope - MONDO:excludeHistoricalDisease. Term to consider: -	https://github.com/monarch-initiative/mondo/issues/7700	2024-09-01
MONDO:0023099	FRAXD syndrome	Reason of obsoletion: out of scope - MONDO:excludeHistoricalDisease. Term to consider: -	https://github.com/monarch-initiative/mondo/issues/7700	2024-09-01
MONDO:0023100	facial clefting corpus callosum agenesis	Reason of obsoletion: out of scope - MONDO:excludeHistoricalDisease. Term to consider: -	https://github.com/monarch-initiative/mondo/issues/7700	2024-09-01
MONDO:0023101	facio digito genital syndrome recessive form	Reason of obsoletion: out of scope - MONDO:excludeHistoricalDisease. Term to consider: -	https://github.com/monarch-initiative/mondo/issues/7700	2024-09-01
MONDO:0023137	feigenbaum Bergeron syndrome	Reason of obsoletion: out of scope - MONDO:excludeHistoricalDisease. Term to consider: -	https://github.com/monarch-initiative/mondo/issues/7700	2024-09-01
MONDO:0023142	fetal brain disruption sequence	Reason of obsoletion: out of scope - MONDO:excludeHistoricalDisease. Term to consider: -	https://github.com/monarch-initiative/mondo/issues/7700	2024-09-01
MONDO:0023148	fetal phenothiazine syndrome	Reason of obsoletion: out of scope - MONDO:excludeHistoricalDisease. Term to consider: -	https://github.com/monarch-initiative/mondo/issues/7700	2024-09-01
MONDO:0023155	fibula aplasia complex brachydactyly	Reason of obsoletion: out of scope - MONDO:excludeHistoricalDisease. Term to consider: -	https://github.com/monarch-initiative/mondo/issues/7700	2024-09-01
MONDO:0023157	fibular hypoplasia scapulo pelvic dysplasia absent	Reason of obsoletion: out of scope - MONDO:excludeHistoricalDisease. Term to consider: -	https://github.com/monarch-initiative/mondo/issues/7700	2024-09-01
MONDO:0023167	focal alopecia congenital megalencephaly	Reason of obsoletion: out of scope - MONDO:excludeHistoricalDisease. Term to consider: -	https://github.com/monarch-initiative/mondo/issues/7700	2024-09-01
MONDO:0023170	focal or multifocal malformations in neuronal migration	Reason of obsoletion: out of scope - MONDO:excludeHistoricalDisease. Term to consider: -	https://github.com/monarch-initiative/mondo/issues/7700	2024-09-01
MONDO:0023175	Fontaine farriaux blanckaert syndrome	Reason of obsoletion: out of scope - MONDO:excludeHistoricalDisease. Term to consider: -	https://github.com/monarch-initiative/mondo/issues/7700	2024-09-01
MONDO:0023178	fragile X syndrome type 1	Reason of obsoletion: out of scope - MONDO:excludeHistoricalDisease. Term to consider: -	https://github.com/monarch-initiative/mondo/issues/7700	2024-09-01
MONDO:0023179	fragile X syndrome type 2	Reason of obsoletion: out of scope - MONDO:excludeHistoricalDisease. Term to consider: -	https://github.com/monarch-initiative/mondo/issues/7700	2024-09-01
MONDO:0023180	fragile X syndrome type 3	Reason of obsoletion: out of scope - MONDO:excludeHistoricalDisease. Term to consider: -	https://github.com/monarch-initiative/mondo/issues/7700	2024-09-01
MONDO:0023193	Friedman Goodman syndrome	Reason: duplicate. This will be merged with MONDO:0016031 facial dysmorphism-anorexia-cachexia-eye and skin anomalies syndrome	https://github.com/monarch-initiative/mondo/issues/7178	2024-04-01
MONDO:0023196	frontonasal malformation cloacal exstrophy	Reason of obsoletion: out of scope - MONDO:excludeHistoricalDisease. Term to consider: -	https://github.com/monarch-initiative/mondo/issues/7700	2024-09-01
MONDO:0023197	frontonasal dysplasia Klippel feil syndrome	Reason of obsoletion: out of scope - MONDO:excludeHistoricalDisease. Term to consider: -	https://github.com/monarch-initiative/mondo/issues/7700	2024-09-01
MONDO:0023199	frontonasal dysplasia phocomelic upper limbs	Reason of obsoletion: out of scope - MONDO:excludeHistoricalDisease. Term to consider: -	https://github.com/monarch-initiative/mondo/issues/7700	2024-09-01
MONDO:0023200	Fryns Fabry Remans syndrome	Reason of obsoletion: out of scope - MONDO:excludeHistoricalDisease. Term to consider: -	https://github.com/monarch-initiative/mondo/issues/7700	2024-09-01
MONDO:0023208	Fuqua Berkovitz syndrome	Reason of obsoletion: out of scope - MONDO:excludeHistoricalDisease. Term to consider: -	https://github.com/monarch-initiative/mondo/issues/7700	2024-09-01
MONDO:0023221	Gaucher ichthyosis restrictive dermopathy	Reason of obsoletion: out of scope - MONDO:excludeHistoricalDisease. Term to consider: -	https://github.com/monarch-initiative/mondo/issues/7700	2024-09-01
MONDO:0023224	inherited reflex epilepsy	Reason of obsoletion: out of scope - MONDO:excludeHistoricalDisease. Term to consider: -	https://github.com/monarch-initiative/mondo/issues/7700	2024-09-01
MONDO:0023226	gershinibaruch Leibo syndrome	Reason of obsoletion: out of scope - MONDO:excludeHistoricalDisease. Term to consider: -	https://github.com/monarch-initiative/mondo/issues/7700	2024-09-01
MONDO:0023240	gigantism advanced bone age hoarse cry	Reason of obsoletion: out of scope - MONDO:excludeHistoricalDisease. Term to consider: -	https://github.com/monarch-initiative/mondo/issues/7700	2024-09-01
MONDO:0023250	global disaccharide intolerance	Reason of obsoletion: out of scope - MONDO:excludeHistoricalDisease. Term to consider: -	https://github.com/monarch-initiative/mondo/issues/7700	2024-09-01
MONDO:0023255	glossopalatine ankylosis micrognathia ear anomalies	Reason of obsoletion: out of scope - MONDO:excludeHistoricalDisease. Term to consider: -	https://github.com/monarch-initiative/mondo/issues/7700	2024-09-01
MONDO:0023272	goniodysgenesis intellectual disability short stature	Reason of obsoletion: out of scope - MONDO:excludeHistoricalDisease. Term to consider: -	https://github.com/monarch-initiative/mondo/issues/7700	2024-09-01
MONDO:0024171	radio-digito-facial dysplasia	Reason of obsoletion: out of scope - MONDO:excludeHistoricalDisease. Term to consider: -	https://github.com/monarch-initiative/mondo/issues/7700	2024-09-01
MONDO:0024252	global developmental delay-neuro-ophthalmological abnormalities-seizures-intellectual disability syndrome	Reason of obsoletion: duplicate. This will be merged with MONDO:0014855 Intellectual developmental disorder, autosomal dominant 42	https://github.com/monarch-initiative/mondo/issues/5588|https://github.com/monarch-initiative/mondo/issues/7597	2024-08-01
MONDO:0024321	disorder of GPI anchor biosynthesis	May be inborn or somatic. Reason of obsoletion: out of scope - MONDO:excludeHistoricalDisease. Term to consider: -	https://github.com/monarch-initiative/mondo/issues/7700	2024-09-01
MONDO:0024322	disorder of glycosylation	May be inborn or somatic, Reason of obsoletion: out of scope - MONDO:excludeHistoricalDisease. Term to consider: -	https://github.com/monarch-initiative/mondo/issues/7700	2024-09-01
MONDO:0024361	circadian rhythm sleep disorder	Reason: duplicate. This will be merged with MONDO:0003406 Sleep-wake disorder	https://github.com/monarch-initiative/mondo/issues/7189	2024-04-01
MONDO:0024418	muscular fibrosis multifocal obstructed vessels	Editor note: not in ORDO as of Apr 29 2018; Reason of obsoletion: out of scope - MONDO:excludeHistoricalDisease. Term to consider: -	https://github.com/monarch-initiative/mondo/issues/7700	2024-09-01
MONDO:0024476	epithelial neoplasm of rectum	Reason of obsoletion: out of scope - MONDO:excludeHistoricalDisease. Term to consider: -	https://github.com/monarch-initiative/mondo/issues/7700	2024-09-01
MONDO:0024479	epithelial tumor of colon	Reason of obsoletion: out of scope - MONDO:excludeHistoricalDisease. Term to consider: -	https://github.com/monarch-initiative/mondo/issues/7700	2024-09-01
MONDO:0025512	type II hypersensitivity reaction disease	Note that DO combines autoimmune and type II hypersensitivity in one concept (2018-06-22). Reason of obsoletion: out of scope - MONDO:excludeHistoricalDisease. Term to consider: -	https://github.com/monarch-initiative/mondo/issues/7700	2024-09-01
MONDO:0031520	familial severe combined immunodeficiency	Reason: duplicate. This will be merged with MONDO:0015974 severe combined immunodeficiency'	https://github.com/monarch-initiative/mondo/issues/7461	2024-06-01
MONDO:0032836	weiss-kruszka syndrome	Reason of obsoletion: duplicate. This will be merged with MONDO:0044715 metopic ridging-ptosis-facial dysmorphism syndrome	https://github.com/monarch-initiative/mondo/issues/7641	2024-08-01
MONDO:0034823	oral-facial-digital syndrome with short stature and brachymesophalangy	Reason of obsoletion: duplicate. This will be merged with MONDO:0054770 orofaciodigital syndrome 18	https://github.com/monarch-initiative/mondo/issues/7582	2024-07-01
MONDO:0035117	PUM1-associated developmental disability-ataxia-seizure syndrome	Reason of obsoletion: duplicate. This will be merged with MONDO:0033482 Spinocerebellar ataxia 47	https://github.com/monarch-initiative/mondo/issues/7851	2024-09-01
MONDO:0035433	calpain-3-related limb-girdle muscular dystrophy D4	Reason of obsoletion: duplicate. This will be merged with MONDO:0029133 Muscular dystrophy, limb-girdle, autosomal dominant 4	https://github.com/monarch-initiative/mondo/issues/7848	2024-09-01
MONDO:0035454	B-cell immunodeficiency-limb anomaly-urogenital malformation syndrome	Reason of obsoletion: duplicate. This will be merged with MONDO:0012243 B-cell immunodeficiency, distal limb anomalies, and urogenital malformations	https://github.com/monarch-initiative/mondo/issues/7847	2024-09-01
MONDO:0035474	PIEZO1-related generalized lymphatic dysplasia with non-immune hydrops fetalis	Reason of obsoletion: duplicate. This will be merged with MONDO:0014797 lymphatic malformation 6	https://github.com/monarch-initiative/mondo/issues/7846	2024-09-01
MONDO:0035547	predisposition to severe viral infection due to IRF7 deficiency	Reason of obsoletion: duplicate. This will be merged with MONDO:0014597 Immunodeficiency 39	https://github.com/monarch-initiative/mondo/issues/7513	2024-07-01
MONDO:0037938	inborn disorder of aspartate family metabolism	Reason of obsoletion: out of scope - MONDO:excludeHistoricalDisease. Term to consider: -	https://github.com/monarch-initiative/mondo/issues/7700	2024-09-01
MONDO:0040872	non-psychogenic polydipsia	Reason of obsoletion: out of scope - MONDO:excludeHistoricalDisease. Term to consider: -	https://github.com/monarch-initiative/mondo/issues/7700	2024-09-01
MONDO:0042724	macrocephaly, intellectual disability, short stature, spastic paraplegia and cns malformations	Reason of obsoletion: duplicate. This will be merged with MONDO:0016571 macrocephaly-short stature-paraplegia syndrome	https://github.com/monarch-initiative/mondo/issues/7546	2024-07-01
MONDO:0042965	Machado-Joseph disease type 5	Reason of obsoletion: out of scope - MONDO:excludeHistoricalDisease. Term to consider: Machado-Joseph disease-MONDO:0007182	https://github.com/monarch-initiative/mondo/issues/7659	2024-07-01
MONDO:0042973	familial osteosclerosis	Reason of obsoletion: out of scope - MONDO:excludeHistoricalDisease. Term to consider: -	https://github.com/monarch-initiative/mondo/issues/7700	2024-09-01
MONDO:0043108	infantile striato thalamic degeneration	Reason of obsoletion: out of scope - MONDO:excludeHistoricalDisease. Term to consider: -	https://github.com/monarch-initiative/mondo/issues/7700	2024-09-01
MONDO:0044201	T+ B+ severe combined immunodeficiency	Reason of obsoletion: grouping class - MONDO:excludeGroupingClass. Term to consider: combined immunodeficiency-MONDO:0015131	https://github.com/monarch-initiative/mondo/issues/7461	2024-06-01
MONDO:0044763	diarrheal disease secondary to decreased bowel motility	Reason of obsoletion: out of scope - MONDO:excludeHistoricalDisease. Term to consider: -	https://github.com/monarch-initiative/mondo/issues/7700	2024-09-01
MONDO:0044880	cystic tumor of the pancreas	Reason of obsoletion: out of scope - MONDO:excludeHistoricalDisease. Term to consider: -	https://github.com/monarch-initiative/mondo/issues/7700	2024-09-01
MONDO:0045004	skeletal ligament disorder	Reason of obsoletion: out of scope - MONDO:excludeHistoricalDisease. Term to consider: -	https://github.com/monarch-initiative/mondo/issues/7700	2024-09-01
MONDO:0100012	paratenonitis	Reason of obsoletion: out of scope - MONDO:excludeHistoricalDisease. Term to consider: -	https://github.com/monarch-initiative/mondo/issues/7700	2024-09-01
MONDO:0100013	paratenonitis with tendinosis	Reason of obsoletion: out of scope - MONDO:excludeHistoricalDisease. Term to consider: -	https://github.com/monarch-initiative/mondo/issues/7700	2024-09-01
MONDO:0100015	adult-onset segmental dystonia	Reason of obsoletion: out of scope - MONDO:excludeHistoricalDisease. Term to consider: -	https://github.com/monarch-initiative/mondo/issues/7700	2024-09-01
MONDO:0100019	ECHS1-related paroxysmal dyskinesia	Reason of obsoletion: out of scope - MONDO:excludeHistoricalDisease. Term to consider: -	https://github.com/monarch-initiative/mondo/issues/7700	2024-09-01
MONDO:0100020	atypical childhood epilepsy with centrotemporal spikes	Reason of obsoletion: out of scope - MONDO:excludeHistoricalDisease. Term to consider: -	https://github.com/monarch-initiative/mondo/issues/7700	2024-09-01
MONDO:0100021	photosensitive occipital lobe epilepsy	Reason of obsoletion: out of scope - MONDO:excludeHistoricalDisease. Term to consider: -	https://github.com/monarch-initiative/mondo/issues/7700	2024-09-01
MONDO:0100022	neonatal/infantile epilepsy syndrome	This type of grouping class represents an older way of classifying diseases, and represented here https://www.epilepsydiagnosis.org/index.html. Reason of obsoletion: out of scope - MONDO:excludeHistoricalDisease. Term to consider: -	https://github.com/monarch-initiative/mondo/issues/7700|https://github.com/monarch-initiative/mondo/issues/1640	2024-09-01
MONDO:0100026	myoclonic encephalopathy in non-progressive disorder	Reason of obsoletion: out of scope - MONDO:excludeHistoricalDisease. Term to consider: -	https://github.com/monarch-initiative/mondo/issues/7700	2024-09-01
MONDO:0100029	antibody mediated epilepsy	Reason of obsoletion: out of scope - MONDO:excludeHistoricalDisease. Term to consider: -	https://github.com/monarch-initiative/mondo/issues/7700	2024-09-01
MONDO:0100030	adolescent/adult-onset epilepsy syndrome	This type of grouping class represents an older way of classifying diseases, and represented here https://www.epilepsydiagnosis.org/index.html. Reason of obsoletion: out of scope - MONDO:excludeHistoricalDisease. Term to consider: -	https://github.com/monarch-initiative/mondo/issues/7700|https://github.com/monarch-initiative/mondo/issues/1640	2024-09-01
MONDO:0100052	acetazolamide-responsive hereditary episodic ataxia	Reason of obsoletion: out of scope - MONDO:excludeHistoricalDisease. Term to consider: -	https://github.com/monarch-initiative/mondo/issues/7700	2024-09-01
MONDO:0100066	TH-deficient progressive infantile encephalopathy	Reason of obsoletion: out of scope - MONDO:excludeHistoricalDisease. Term to consider: -	https://github.com/monarch-initiative/mondo/issues/7700	2024-09-01
MONDO:0100068	SLC10A7-congenital disorder of glycosylation	Reason of obsoletion: out of scope - MONDO:excludeHistoricalDisease. Term to consider: -	https://github.com/monarch-initiative/mondo/issues/7700	2024-09-01
MONDO:0100080	cardioectodermal syndrome	Reason of obsoletion: out of scope - MONDO:excludeHistoricalDisease. Term to consider: -	https://github.com/monarch-initiative/mondo/issues/7700	2024-09-01
MONDO:0100107	non-neonatal early infantile epileptic encephalopathy	Reason of obsoletion: out of scope - MONDO:excludeHistoricalDisease. Term to consider: -	https://github.com/monarch-initiative/mondo/issues/7700	2024-09-01
MONDO:0100112	acyl-CoA binding domain containing protein 5 deficiency	Reason of obsoletion: out of scope - MONDO:excludeHistoricalDisease. Term to consider: -	https://github.com/monarch-initiative/mondo/issues/2632|https://github.com/monarch-initiative/mondo/issues/7700	2024-09-01
MONDO:0100113	hearing loss with skin disease	Reason of obsoletion: out of scope - MONDO:excludeHistoricalDisease. Term to consider: -	https://github.com/monarch-initiative/mondo/issues/7700	2024-09-01
MONDO:0800112	non-atopic asthma	Reason of obsoletion: duplicate. This will be merged with MONDO:0004765 intrinsic asthma	https://github.com/monarch-initiative/mondo/issues/5261|https://github.com/monarch-initiative/mondo/issues/7691	2024-08-01
MONDO:0859345	branchial arch abnormalities, choanal atresia, athelia, hearing loss, and hypothyroidism syndrome	Reason of obsoletion: duplicate. This will be merged with MONDO:0859345 branchial arch abnormalities, choanal atresia, athelia, hearing loss, and hypothyroidism syndrome	https://github.com/monarch-initiative/mondo/issues/7560	2024-07-01
