subject_id	subject_label	predicate_id	object_id	object_label	mapping_justification	object_prefix	count
MONDO:0000212	hypercalcemia, infantile	skos:exactMatch	SCTID:34225008		semapv:UnspecifiedMatching	SCTID	2
MONDO:0000212	hypercalcemia, infantile	skos:exactMatch	SCTID:276645004		semapv:UnspecifiedMatching	SCTID	2
MONDO:0000304	penicilliosis	skos:exactMatch	SCTID:372936000		semapv:UnspecifiedMatching	SCTID	2
MONDO:0000304	penicilliosis	skos:exactMatch	SCTID:713315007		semapv:UnspecifiedMatching	SCTID	2
MONDO:0000430	mature T-cell and NK-cell non-Hodgkin lymphoma	skos:exactMatch	DOID:0050749		semapv:UnspecifiedMatching	DOID	2
MONDO:0000430	mature T-cell and NK-cell non-Hodgkin lymphoma	skos:exactMatch	DOID:0050743		semapv:UnspecifiedMatching	DOID	2
MONDO:0000651	obsolete thoracic disorder	skos:exactMatch	SCTID:609622007		semapv:UnspecifiedMatching	SCTID	2
MONDO:0000651	obsolete thoracic disorder	skos:exactMatch	SCTID:118946009		semapv:UnspecifiedMatching	SCTID	2
MONDO:0000774	autoimmune neuropathy	skos:exactMatch	DOID:0040087		semapv:UnspecifiedMatching	DOID	2
MONDO:0000774	autoimmune neuropathy	skos:exactMatch	DOID:0060499		semapv:UnspecifiedMatching	DOID	2
MONDO:0000845	fibrous dysplasia	skos:exactMatch	SCTID:10623005		semapv:UnspecifiedMatching	SCTID	2
MONDO:0000845	fibrous dysplasia	skos:exactMatch	SCTID:254145001		semapv:UnspecifiedMatching	SCTID	2
MONDO:0000889	haemophilus meningitis	skos:exactMatch	SCTID:192643004		semapv:UnspecifiedMatching	SCTID	2
MONDO:0000889	haemophilus meningitis	skos:exactMatch	SCTID:5900006		semapv:UnspecifiedMatching	SCTID	2
MONDO:0000989	mumps infectious disease	skos:exactMatch	MESH:D009107		semapv:UnspecifiedMatching	MESH	2
MONDO:0000989	mumps infectious disease	skos:exactMatch	MESH:D019351		semapv:UnspecifiedMatching	MESH	2
MONDO:0000991	obsolete left bundle branch block	skos:exactMatch	SCTID:4973001		semapv:UnspecifiedMatching	SCTID	2
MONDO:0000991	obsolete left bundle branch block	skos:exactMatch	SCTID:63467002		semapv:UnspecifiedMatching	SCTID	2
MONDO:0001046	imperforate anus	skos:exactMatch	OMIM:207500		semapv:UnspecifiedMatching	OMIM	2
MONDO:0001046	imperforate anus	skos:exactMatch	OMIM:301800		semapv:UnspecifiedMatching	OMIM	2
MONDO:0001147	meningocele	skos:exactMatch	NCIT:C101209	Spinal Meningocele	semapv:UnspecifiedMatching	NCIT	2
MONDO:0001147	meningocele	skos:exactMatch	NCIT:C105595	Meningocele	semapv:UnspecifiedMatching	NCIT	2
MONDO:0001167	spastic diplegia	skos:exactMatch	SCTID:281411007		semapv:UnspecifiedMatching	SCTID	2
MONDO:0001167	spastic diplegia	skos:exactMatch	SCTID:58193001		semapv:UnspecifiedMatching	SCTID	2
MONDO:0001292	autonomic nervous system disorder	skos:exactMatch	SCTID:128123007		semapv:UnspecifiedMatching	SCTID	2
MONDO:0001292	autonomic nervous system disorder	skos:exactMatch	SCTID:15241006		semapv:UnspecifiedMatching	SCTID	2
MONDO:0001300	autonomic neuropathy	skos:exactMatch	DOID:0060054		semapv:UnspecifiedMatching	DOID	2
MONDO:0001300	autonomic neuropathy	skos:exactMatch	DOID:11504		semapv:UnspecifiedMatching	DOID	2
MONDO:0001318	functional gastric disease	skos:exactMatch	SCTID:150541000119104		semapv:UnspecifiedMatching	SCTID	2
MONDO:0001318	functional gastric disease	skos:exactMatch	SCTID:386211005		semapv:UnspecifiedMatching	SCTID	2
MONDO:0001341	selective IgA deficiency disease	skos:exactMatch	DOID:11701		semapv:UnspecifiedMatching	DOID	2
MONDO:0001341	selective IgA deficiency disease	skos:exactMatch	DOID:0060025		semapv:UnspecifiedMatching	DOID	2
MONDO:0001517	dysentery	skos:exactMatch	SCTID:19213003		semapv:UnspecifiedMatching	SCTID	2
MONDO:0001517	dysentery	skos:exactMatch	SCTID:111939009		semapv:UnspecifiedMatching	SCTID	2
MONDO:0001561	pyloric stenosis	skos:exactMatch	DOID:12639		semapv:UnspecifiedMatching	DOID	2
MONDO:0001561	pyloric stenosis	skos:exactMatch	DOID:3122		semapv:UnspecifiedMatching	DOID	2
MONDO:0001561	pyloric stenosis	skos:exactMatch	MESH:D011707		semapv:UnspecifiedMatching	MESH	2
MONDO:0001561	pyloric stenosis	skos:exactMatch	MESH:D017219		semapv:UnspecifiedMatching	MESH	2
MONDO:0001595	choreatic disease	skos:exactMatch	SCTID:230306001		semapv:UnspecifiedMatching	SCTID	2
MONDO:0001595	choreatic disease	skos:exactMatch	SCTID:230298007		semapv:UnspecifiedMatching	SCTID	2
MONDO:0001748	maxillary sinus carcinoma	skos:exactMatch	NCIT:C3540	Malignant Maxillary Sinus Neoplasm	semapv:UnspecifiedMatching	NCIT	2
MONDO:0001748	maxillary sinus carcinoma	skos:exactMatch	NCIT:C9332	Maxillary Sinus Carcinoma	semapv:UnspecifiedMatching	NCIT	2
MONDO:0001834	visual pathway disorder	skos:exactMatch	SCTID:54767005		semapv:UnspecifiedMatching	SCTID	2
MONDO:0001834	visual pathway disorder	skos:exactMatch	SCTID:95776004		semapv:UnspecifiedMatching	SCTID	2
MONDO:0001874	toxic labyrinthitis	skos:exactMatch	SCTID:3344003		semapv:UnspecifiedMatching	SCTID	2
MONDO:0001874	toxic labyrinthitis	skos:exactMatch	SCTID:9062008		semapv:UnspecifiedMatching	SCTID	2
MONDO:0002008	labyrinthitis	skos:exactMatch	DOID:3930		semapv:UnspecifiedMatching	DOID	2
MONDO:0002008	labyrinthitis	skos:exactMatch	DOID:1468		semapv:UnspecifiedMatching	DOID	2
MONDO:0002013	lymphangioma	skos:exactMatch	SCTID:254836000		semapv:UnspecifiedMatching	SCTID	2
MONDO:0002013	lymphangioma	skos:exactMatch	SCTID:400178008		semapv:UnspecifiedMatching	SCTID	2
MONDO:0002119	ossifying fibroma	skos:exactMatch	NCIT:C173820	Ossifying Fibroma	semapv:UnspecifiedMatching	NCIT	2
MONDO:0002119	ossifying fibroma	skos:exactMatch	NCIT:C8422	Cemento-Ossifying Fibroma	semapv:UnspecifiedMatching	NCIT	2
MONDO:0002142	undifferentiated pleomorphic sarcoma	skos:exactMatch	NCIT:C114541	Adult Undifferentiated Pleomorphic Sarcoma	semapv:UnspecifiedMatching	NCIT	2
MONDO:0002142	undifferentiated pleomorphic sarcoma	skos:exactMatch	NCIT:C4247	Undifferentiated Pleomorphic Sarcoma	semapv:UnspecifiedMatching	NCIT	2
MONDO:0002181	exostosis	skos:exactMatch	SCTID:235231000119100		semapv:UnspecifiedMatching	SCTID	2
MONDO:0002181	exostosis	skos:exactMatch	SCTID:416189003		semapv:UnspecifiedMatching	SCTID	2
MONDO:0002277	arteriosclerosis disorder	skos:exactMatch	DOID:2348		semapv:UnspecifiedMatching	DOID	2
MONDO:0002277	arteriosclerosis disorder	skos:exactMatch	DOID:2349		semapv:UnspecifiedMatching	DOID	2
MONDO:0002277	arteriosclerosis disorder	skos:exactMatch	NCIT:C34398	Arteriosclerosis	semapv:UnspecifiedMatching	NCIT	2
MONDO:0002277	arteriosclerosis disorder	skos:exactMatch	NCIT:C34403	Arteriosclerotic Cardiovascular Disease	semapv:UnspecifiedMatching	NCIT	2
MONDO:0002412	disorder of glycogen metabolism	skos:exactMatch	DOID:2747		semapv:UnspecifiedMatching	DOID	2
MONDO:0002412	disorder of glycogen metabolism	skos:exactMatch	DOID:0050728		semapv:UnspecifiedMatching	DOID	2
MONDO:0002413	glycogen storage disease I	skos:exactMatch	DOID:0081329		semapv:UnspecifiedMatching	DOID	2
MONDO:0002413	glycogen storage disease I	skos:exactMatch	DOID:2749		semapv:UnspecifiedMatching	DOID	2
MONDO:0002422	adamantinoma	skos:exactMatch	MESH:D050398		semapv:UnspecifiedMatching	MESH	2
MONDO:0002422	adamantinoma	skos:exactMatch	MESH:C562741		semapv:UnspecifiedMatching	MESH	2
MONDO:0002422	adamantinoma	skos:exactMatch	DOID:2775		semapv:UnspecifiedMatching	DOID	2
MONDO:0002422	adamantinoma	skos:exactMatch	DOID:2776		semapv:UnspecifiedMatching	DOID	2
MONDO:0002546	schwannoma	skos:exactMatch	DOID:3192		semapv:UnspecifiedMatching	DOID	2
MONDO:0002546	schwannoma	skos:exactMatch	DOID:955		semapv:UnspecifiedMatching	DOID	2
MONDO:0002829	bartholin gland carcinoma	skos:exactMatch	DOID:3999		semapv:UnspecifiedMatching	DOID	2
MONDO:0002829	bartholin gland carcinoma	skos:exactMatch	DOID:60003		semapv:UnspecifiedMatching	DOID	2
MONDO:0002900	cerebral neuroblastoma	skos:exactMatch	DOID:0080905		semapv:UnspecifiedMatching	DOID	2
MONDO:0002900	cerebral neuroblastoma	skos:exactMatch	DOID:4164		semapv:UnspecifiedMatching	DOID	2
MONDO:0003036	mucoepidermoid carcinoma	skos:exactMatch	MESH:D018277		semapv:UnspecifiedMatching	MESH	2
MONDO:0003036	mucoepidermoid carcinoma	skos:exactMatch	MESH:D018298		semapv:UnspecifiedMatching	MESH	2
MONDO:0003061	benign muscle neoplasm	skos:exactMatch	DOID:461		semapv:UnspecifiedMatching	DOID	2
MONDO:0003061	benign muscle neoplasm	skos:exactMatch	DOID:2691		semapv:UnspecifiedMatching	DOID	2
MONDO:0003143	angiokeratoma	skos:exactMatch	NCIT:C2874	Angiokeratoma	semapv:UnspecifiedMatching	NCIT	2
MONDO:0003143	angiokeratoma	skos:exactMatch	NCIT:C4488	Skin Angiokeratoma	semapv:UnspecifiedMatching	NCIT	2
MONDO:0003680	periosteal chondrosarcoma	skos:exactMatch	DOID:5859		semapv:UnspecifiedMatching	DOID	2
MONDO:0003680	periosteal chondrosarcoma	skos:exactMatch	DOID:5866		semapv:UnspecifiedMatching	DOID	2
MONDO:0003704	uterine corpus diffuse leiomyomatosis	skos:exactMatch	DOID:5916		semapv:UnspecifiedMatching	DOID	2
MONDO:0003704	uterine corpus diffuse leiomyomatosis	skos:exactMatch	DOID:5917		semapv:UnspecifiedMatching	DOID	2
MONDO:0003730	aleukemic leukemia	skos:exactMatch	DOID:12965		semapv:UnspecifiedMatching	DOID	2
MONDO:0003730	aleukemic leukemia	skos:exactMatch	DOID:6004		semapv:UnspecifiedMatching	DOID	2
MONDO:0003749	esophageal disorder	skos:exactMatch	SCTID:30811009		semapv:UnspecifiedMatching	SCTID	2
MONDO:0003749	esophageal disorder	skos:exactMatch	SCTID:37657006		semapv:UnspecifiedMatching	SCTID	2
MONDO:0003924	adrenal cortex adenoma	skos:exactMatch	DOID:0050891		semapv:UnspecifiedMatching	DOID	2
MONDO:0003924	adrenal cortex adenoma	skos:exactMatch	DOID:656		semapv:UnspecifiedMatching	DOID	2
MONDO:0003939	muscle tissue disorder	skos:exactMatch	DOID:0080000		semapv:UnspecifiedMatching	DOID	2
MONDO:0003939	muscle tissue disorder	skos:exactMatch	DOID:66		semapv:UnspecifiedMatching	DOID	2
MONDO:0003947	hyper-IgM syndrome	skos:exactMatch	NCIT:C3990	Hyperimmunoglobulin M Syndrome	semapv:UnspecifiedMatching	NCIT	2
MONDO:0003947	hyper-IgM syndrome	skos:exactMatch	NCIT:C84783	Immunodeficiency with Hyper-IgM	semapv:UnspecifiedMatching	NCIT	2
MONDO:0004225	monoclonal gammopathy of uncertain significance	skos:exactMatch	SCTID:58648008		semapv:UnspecifiedMatching	SCTID	2
MONDO:0004225	monoclonal gammopathy of uncertain significance	skos:exactMatch	SCTID:277577000		semapv:UnspecifiedMatching	SCTID	2
MONDO:0004241	Osgood-Schlatter disease	skos:exactMatch	SCTID:430506003		semapv:UnspecifiedMatching	SCTID	2
MONDO:0004241	Osgood-Schlatter disease	skos:exactMatch	SCTID:72047008		semapv:UnspecifiedMatching	SCTID	2
MONDO:0004379	female breast carcinoma	skos:exactMatch	DOID:7843		semapv:UnspecifiedMatching	DOID	2
MONDO:0004379	female breast carcinoma	skos:exactMatch	DOID:0050671		semapv:UnspecifiedMatching	DOID	2
MONDO:0004379	female breast carcinoma	skos:exactMatch	SCTID:447782002		semapv:UnspecifiedMatching	SCTID	2
MONDO:0004379	female breast carcinoma	skos:exactMatch	SCTID:372064008		semapv:UnspecifiedMatching	SCTID	2
MONDO:0004398	mediastinal schwannoma	skos:exactMatch	DOID:6175		semapv:UnspecifiedMatching	DOID	2
MONDO:0004398	mediastinal schwannoma	skos:exactMatch	DOID:7922		semapv:UnspecifiedMatching	DOID	2
MONDO:0004473	epiglottis cancer	skos:exactMatch	NCIT:C35697	Epiglottic Carcinoma	semapv:UnspecifiedMatching	NCIT	2
MONDO:0004473	epiglottis cancer	skos:exactMatch	NCIT:C4836	Malignant Epiglottis Neoplasm	semapv:UnspecifiedMatching	NCIT	2
MONDO:0004598	acute cor pulmonale	skos:exactMatch	DOID:8514		semapv:UnspecifiedMatching	DOID	2
MONDO:0004598	acute cor pulmonale	skos:exactMatch	DOID:8517		semapv:UnspecifiedMatching	DOID	2
MONDO:0004598	acute cor pulmonale	skos:exactMatch	SCTID:49584005		semapv:UnspecifiedMatching	SCTID	2
MONDO:0004598	acute cor pulmonale	skos:exactMatch	SCTID:67189007		semapv:UnspecifiedMatching	SCTID	2
MONDO:0004769	orbital plasma cell granuloma	skos:exactMatch	SCTID:80698001		semapv:UnspecifiedMatching	SCTID	2
MONDO:0004769	orbital plasma cell granuloma	skos:exactMatch	SCTID:72789009		semapv:UnspecifiedMatching	SCTID	2
MONDO:0004795	otitis externa	skos:exactMatch	NCIT:C3299	Infectious Otitis Externa	semapv:UnspecifiedMatching	NCIT	2
MONDO:0004795	otitis externa	skos:exactMatch	NCIT:C79601	Otitis Externa	semapv:UnspecifiedMatching	NCIT	2
MONDO:0004849	pulmonary emphysema	skos:exactMatch	MESH:D004646		semapv:UnspecifiedMatching	MESH	2
MONDO:0004849	pulmonary emphysema	skos:exactMatch	MESH:D011656		semapv:UnspecifiedMatching	MESH	2
MONDO:0004950	gastric carcinoma	skos:exactMatch	DOID:10538		semapv:UnspecifiedMatching	DOID	2
MONDO:0004950	gastric carcinoma	skos:exactMatch	DOID:5517		semapv:UnspecifiedMatching	DOID	2
MONDO:0004967	acute lymphoblastic leukemia	skos:exactMatch	DOID:1037		semapv:UnspecifiedMatching	DOID	2
MONDO:0004967	acute lymphoblastic leukemia	skos:exactMatch	DOID:9952		semapv:UnspecifiedMatching	DOID	2
MONDO:0004992	cancer	skos:exactMatch	DOID:162		semapv:UnspecifiedMatching	DOID	3
MONDO:0004992	cancer	skos:exactMatch	DOID:0050687		semapv:UnspecifiedMatching	DOID	3
MONDO:0004992	cancer	skos:exactMatch	DOID:0050686		semapv:UnspecifiedMatching	DOID	3
MONDO:0005008	colorectal adenocarcinoma	skos:exactMatch	DOID:0050861		semapv:UnspecifiedMatching	DOID	2
MONDO:0005008	colorectal adenocarcinoma	skos:exactMatch	DOID:0050913		semapv:UnspecifiedMatching	DOID	2
MONDO:0005032	follicular thyroid adenoma	skos:exactMatch	DOID:6204		semapv:UnspecifiedMatching	DOID	2
MONDO:0005032	follicular thyroid adenoma	skos:exactMatch	DOID:2891		semapv:UnspecifiedMatching	DOID	2
MONDO:0005032	follicular thyroid adenoma	skos:exactMatch	SCTID:255033000		semapv:UnspecifiedMatching	SCTID	2
MONDO:0005032	follicular thyroid adenoma	skos:exactMatch	SCTID:255034006		semapv:UnspecifiedMatching	SCTID	2
MONDO:0005044	hypertensive disorder	skos:exactMatch	ICD10CM:I10-I16	Hypertensive diseases (I10-I16)	semapv:UnspecifiedMatching	ICD10CM	2
MONDO:0005044	hypertensive disorder	skos:exactMatch	ICD10CM:I15	Secondary hypertension	semapv:UnspecifiedMatching	ICD10CM	2
MONDO:0005076	periodontitis	skos:exactMatch	DOID:824		semapv:UnspecifiedMatching	DOID	2
MONDO:0005076	periodontitis	skos:exactMatch	DOID:9893		semapv:UnspecifiedMatching	DOID	2
MONDO:0005165	benign neoplasm	skos:exactMatch	DOID:0060072		semapv:UnspecifiedMatching	DOID	3
MONDO:0005165	benign neoplasm	skos:exactMatch	DOID:0060084		semapv:UnspecifiedMatching	DOID	3
MONDO:0005165	benign neoplasm	skos:exactMatch	DOID:0060085		semapv:UnspecifiedMatching	DOID	3
MONDO:0005178	osteoarthritis	skos:exactMatch	ICD10CM:M15-M19	Osteoarthritis (M15-M19)	semapv:UnspecifiedMatching	ICD10CM	2
MONDO:0005178	osteoarthritis	skos:exactMatch	ICD10CM:M19	Other and unspecified osteoarthritis	semapv:UnspecifiedMatching	ICD10CM	2
MONDO:0005184	pancreatic ductal adenocarcinoma	skos:exactMatch	DOID:3587		semapv:UnspecifiedMatching	DOID	2
MONDO:0005184	pancreatic ductal adenocarcinoma	skos:exactMatch	DOID:3498		semapv:UnspecifiedMatching	DOID	2
MONDO:0005211	ovarian serous adenocarcinoma	skos:exactMatch	DOID:0050933		semapv:UnspecifiedMatching	DOID	2
MONDO:0005211	ovarian serous adenocarcinoma	skos:exactMatch	DOID:5744		semapv:UnspecifiedMatching	DOID	2
MONDO:0005244	peripheral neuropathy	skos:exactMatch	NCIT:C119734	Peripheral Neuropathy	semapv:UnspecifiedMatching	NCIT	2
MONDO:0005244	peripheral neuropathy	skos:exactMatch	NCIT:C4731	Neuropathy	semapv:UnspecifiedMatching	NCIT	2
MONDO:0005272	myelodysplastic syndrome with single lineage dysplasia	skos:exactMatch	NCIT:C82591	Myelodysplastic Syndrome with Single Lineage Dysplasia	semapv:UnspecifiedMatching	NCIT	2
MONDO:0005272	myelodysplastic syndrome with single lineage dysplasia	skos:exactMatch	NCIT:C2872	Refractory Anemia	semapv:UnspecifiedMatching	NCIT	2
MONDO:0005283	retinal disorder	skos:exactMatch	NCIT:C26875	Retinal Disorder	semapv:UnspecifiedMatching	NCIT	2
MONDO:0005283	retinal disorder	skos:exactMatch	NCIT:C62601	Retinopathy	semapv:UnspecifiedMatching	NCIT	2
MONDO:0005296	sleep apnea syndrome	skos:exactMatch	SCTID:111489007		semapv:UnspecifiedMatching	SCTID	2
MONDO:0005296	sleep apnea syndrome	skos:exactMatch	SCTID:73430006		semapv:UnspecifiedMatching	SCTID	2
MONDO:0005311	atherosclerosis	skos:exactMatch	NCIT:C35768	Atherosclerosis	semapv:UnspecifiedMatching	NCIT	2
MONDO:0005311	atherosclerosis	skos:exactMatch	NCIT:C35771	Atherosclerotic Cardiovascular Disease	semapv:UnspecifiedMatching	NCIT	2
MONDO:0005328	eye disorder	skos:exactMatch	DOID:5614		semapv:UnspecifiedMatching	DOID	2
MONDO:0005328	eye disorder	skos:exactMatch	DOID:1242		semapv:UnspecifiedMatching	DOID	2
MONDO:0005338	open-angle glaucoma	skos:exactMatch	SCTID:46168003		semapv:UnspecifiedMatching	SCTID	2
MONDO:0005338	open-angle glaucoma	skos:exactMatch	SCTID:84494001		semapv:UnspecifiedMatching	SCTID	2
MONDO:0005380	osteonecrosis	skos:exactMatch	DOID:0080008		semapv:UnspecifiedMatching	DOID	2
MONDO:0005380	osteonecrosis	skos:exactMatch	DOID:10159		semapv:UnspecifiedMatching	DOID	2
MONDO:0005380	osteonecrosis	skos:exactMatch	NCIT:C34880	Bone Necrosis	semapv:UnspecifiedMatching	NCIT	2
MONDO:0005380	osteonecrosis	skos:exactMatch	NCIT:C35476	Aseptic Necrosis of Bone	semapv:UnspecifiedMatching	NCIT	2
MONDO:0005385	vascular disorder	skos:exactMatch	ICD10CM:I00-I99	Diseases of the circulatory system (I00-I99)	semapv:UnspecifiedMatching	ICD10CM	2
MONDO:0005385	vascular disorder	skos:exactMatch	ICD10CM:I70-I79	Diseases of arteries, arterioles and capillaries (I70-I79)	semapv:UnspecifiedMatching	ICD10CM	2
MONDO:0005387	primary ovarian failure	skos:exactMatch	SCTID:370999003		semapv:UnspecifiedMatching	SCTID	2
MONDO:0005387	primary ovarian failure	skos:exactMatch	SCTID:65846009		semapv:UnspecifiedMatching	SCTID	2
MONDO:0005446	cutaneous leishmaniasis	skos:exactMatch	NCIT:C34768	Cutaneous Leishmaniasis	semapv:UnspecifiedMatching	NCIT	2
MONDO:0005446	cutaneous leishmaniasis	skos:exactMatch	NCIT:C34770	Asian Desert Cutaneous Leishmaniasis	semapv:UnspecifiedMatching	NCIT	2
MONDO:0005484	colorectal adenoma	skos:exactMatch	DOID:0050860		semapv:UnspecifiedMatching	DOID	2
MONDO:0005484	colorectal adenoma	skos:exactMatch	DOID:0050914		semapv:UnspecifiedMatching	DOID	2
MONDO:0005508	hereditary multiple osteochondromas	skos:exactMatch	SCTID:716742001		semapv:UnspecifiedMatching	SCTID	2
MONDO:0005508	hereditary multiple osteochondromas	skos:exactMatch	SCTID:254044004		semapv:UnspecifiedMatching	SCTID	2
MONDO:0005526	tetanus	skos:exactMatch	SCTID:276202003		semapv:UnspecifiedMatching	SCTID	2
MONDO:0005526	tetanus	skos:exactMatch	SCTID:76902006		semapv:UnspecifiedMatching	SCTID	2
MONDO:0005543	autoimmune hepatitis type 1	skos:exactMatch	SCTID:197284004		semapv:UnspecifiedMatching	SCTID	2
MONDO:0005543	autoimmune hepatitis type 1	skos:exactMatch	SCTID:721711009		semapv:UnspecifiedMatching	SCTID	2
MONDO:0005565	blastoma	skos:exactMatch	DOID:0070003		semapv:UnspecifiedMatching	DOID	2
MONDO:0005565	blastoma	skos:exactMatch	DOID:4766		semapv:UnspecifiedMatching	DOID	2
MONDO:0005575	colorectal cancer	skos:exactMatch	DOID:5672		semapv:UnspecifiedMatching	DOID	2
MONDO:0005575	colorectal cancer	skos:exactMatch	DOID:9256		semapv:UnspecifiedMatching	DOID	2
MONDO:0005580	esophageal squamous cell carcinoma	skos:exactMatch	MESH:C562729		semapv:UnspecifiedMatching	MESH	2
MONDO:0005580	esophageal squamous cell carcinoma	skos:exactMatch	MESH:D000077277		semapv:UnspecifiedMatching	MESH	2
MONDO:0005672	blastomycosis	skos:exactMatch	NCIT:C34428	Blastomycosis	semapv:UnspecifiedMatching	NCIT	2
MONDO:0005672	blastomycosis	skos:exactMatch	NCIT:C34429	North American Blastomycosis	semapv:UnspecifiedMatching	NCIT	2
MONDO:0005679	bovine virus diarrhea-mucosal disease	skos:exactMatch	MESH:D001912		semapv:UnspecifiedMatching	MESH	2
MONDO:0005679	bovine virus diarrhea-mucosal disease	skos:exactMatch	MESH:D030243		semapv:UnspecifiedMatching	MESH	2
MONDO:0005689	cannabis dependence	skos:exactMatch	DOID:1849		semapv:UnspecifiedMatching	DOID	2
MONDO:0005689	cannabis dependence	skos:exactMatch	DOID:9505		semapv:UnspecifiedMatching	DOID	2
MONDO:0005689	cannabis dependence	skos:exactMatch	SCTID:37344009		semapv:UnspecifiedMatching	SCTID	2
MONDO:0005689	cannabis dependence	skos:exactMatch	SCTID:85005007		semapv:UnspecifiedMatching	SCTID	2
MONDO:0005725	cyclosporiasis	skos:exactMatch	SCTID:240372001		semapv:UnspecifiedMatching	SCTID	2
MONDO:0005725	cyclosporiasis	skos:exactMatch	SCTID:716860005		semapv:UnspecifiedMatching	SCTID	2
MONDO:0005761	filarial elephantiasis	skos:exactMatch	SCTID:14100003		semapv:UnspecifiedMatching	SCTID	2
MONDO:0005761	filarial elephantiasis	skos:exactMatch	SCTID:240820001		semapv:UnspecifiedMatching	SCTID	2
MONDO:0005812	influenza	skos:exactMatch	MESH:D009976		semapv:UnspecifiedMatching	MESH	2
MONDO:0005812	influenza	skos:exactMatch	MESH:D007251		semapv:UnspecifiedMatching	MESH	2
MONDO:0005823	legionellosis	skos:exactMatch	Orphanet:549		semapv:UnspecifiedMatching	Orphanet	2
MONDO:0005823	legionellosis	skos:exactMatch	Orphanet:600832		semapv:UnspecifiedMatching	Orphanet	2
MONDO:0005988	toxocariasis	skos:exactMatch	NCIT:C34758	Visceral Larva Migrans	semapv:UnspecifiedMatching	NCIT	2
MONDO:0005988	toxocariasis	skos:exactMatch	NCIT:C85194	Toxocariasis	semapv:UnspecifiedMatching	NCIT	2
MONDO:0006235	granular cell tumor	skos:exactMatch	MESH:C535558		semapv:UnspecifiedMatching	MESH	2
MONDO:0006235	granular cell tumor	skos:exactMatch	MESH:D016586		semapv:UnspecifiedMatching	MESH	2
MONDO:0006280	lung sclerosing hemangioma	skos:exactMatch	DOID:495		semapv:UnspecifiedMatching	DOID	2
MONDO:0006280	lung sclerosing hemangioma	skos:exactMatch	DOID:5766		semapv:UnspecifiedMatching	DOID	2
MONDO:0006451	thymic carcinoma	skos:exactMatch	DOID:4554		semapv:UnspecifiedMatching	DOID	2
MONDO:0006451	thymic carcinoma	skos:exactMatch	DOID:3284		semapv:UnspecifiedMatching	DOID	2
MONDO:0006490	vaginal squamous cell carcinoma	skos:exactMatch	NCIT:C180915	Vaginal Squamous Cell Carcinoma	semapv:UnspecifiedMatching	NCIT	2
MONDO:0006490	vaginal squamous cell carcinoma	skos:exactMatch	NCIT:C7736	Vaginal Squamous Cell Carcinoma, Not Otherwise Specified	semapv:UnspecifiedMatching	NCIT	2
MONDO:0006558	pemphigoid gestationis	skos:exactMatch	DOID:0040098		semapv:UnspecifiedMatching	DOID	2
MONDO:0006558	pemphigoid gestationis	skos:exactMatch	DOID:14482		semapv:UnspecifiedMatching	DOID	2
MONDO:0006639	adrenal cortex carcinoma	skos:exactMatch	DOID:3948		semapv:UnspecifiedMatching	DOID	3
MONDO:0006639	adrenal cortex carcinoma	skos:exactMatch	DOID:3959		semapv:UnspecifiedMatching	DOID	3
MONDO:0006639	adrenal cortex carcinoma	skos:exactMatch	DOID:660		semapv:UnspecifiedMatching	DOID	3
MONDO:0006676	beriberi	skos:exactMatch	DOID:13725		semapv:UnspecifiedMatching	DOID	2
MONDO:0006676	beriberi	skos:exactMatch	DOID:0070313		semapv:UnspecifiedMatching	DOID	2
MONDO:0006733	dry eye syndrome	skos:exactMatch	DOID:10140		semapv:UnspecifiedMatching	DOID	2
MONDO:0006733	dry eye syndrome	skos:exactMatch	DOID:12895		semapv:UnspecifiedMatching	DOID	2
MONDO:0006733	dry eye syndrome	skos:exactMatch	MESH:D007638		semapv:UnspecifiedMatching	MESH	2
MONDO:0006733	dry eye syndrome	skos:exactMatch	MESH:D015352		semapv:UnspecifiedMatching	MESH	2
MONDO:0006733	dry eye syndrome	skos:exactMatch	SCTID:302896008		semapv:UnspecifiedMatching	SCTID	2
MONDO:0006733	dry eye syndrome	skos:exactMatch	SCTID:46152009		semapv:UnspecifiedMatching	SCTID	2
MONDO:0006761	fibromuscular dysplasia	skos:exactMatch	MESH:C537929		semapv:UnspecifiedMatching	MESH	2
MONDO:0006761	fibromuscular dysplasia	skos:exactMatch	MESH:D005352		semapv:UnspecifiedMatching	MESH	2
MONDO:0006873	nutritional deficiency disease	skos:exactMatch	SCTID:363246002		semapv:UnspecifiedMatching	SCTID	2
MONDO:0006873	nutritional deficiency disease	skos:exactMatch	SCTID:70241007		semapv:UnspecifiedMatching	SCTID	2
MONDO:0006921	Actinomycetales infectious disease	skos:exactMatch	SCTID:11817007		semapv:UnspecifiedMatching	SCTID	2
MONDO:0006921	Actinomycetales infectious disease	skos:exactMatch	SCTID:721751007		semapv:UnspecifiedMatching	SCTID	2
MONDO:0006962	sebaceous adenocarcinoma	skos:exactMatch	DOID:4839		semapv:UnspecifiedMatching	DOID	2
MONDO:0006962	sebaceous adenocarcinoma	skos:exactMatch	DOID:4840		semapv:UnspecifiedMatching	DOID	2
MONDO:0006969	sialadenitis	skos:exactMatch	NCIT:C115165	Sialitis	semapv:UnspecifiedMatching	NCIT	2
MONDO:0006969	sialadenitis	skos:exactMatch	NCIT:C26882	Sialadenitis	semapv:UnspecifiedMatching	NCIT	2
MONDO:0006982	subacute thyroiditis	skos:exactMatch	NCIT:C35071	Subacute Thyroiditis	semapv:UnspecifiedMatching	NCIT	2
MONDO:0006982	subacute thyroiditis	skos:exactMatch	NCIT:C35828	Subacute Granulomatous Thyroiditis	semapv:UnspecifiedMatching	NCIT	2
MONDO:0007057	acroosteolysis dominant type	skos:exactMatch	MESH:C535663		semapv:UnspecifiedMatching	MESH	2
MONDO:0007057	acroosteolysis dominant type	skos:exactMatch	MESH:C537586		semapv:UnspecifiedMatching	MESH	2
MONDO:0007113	Angelman syndrome	skos:exactMatch	MESH:D017204		semapv:UnspecifiedMatching	MESH	2
MONDO:0007113	Angelman syndrome	skos:exactMatch	MESH:C531619		semapv:UnspecifiedMatching	MESH	2
MONDO:0007125	ankyloglossia	skos:exactMatch	MESH:C562396		semapv:UnspecifiedMatching	MESH	2
MONDO:0007125	ankyloglossia	skos:exactMatch	MESH:D000072676		semapv:UnspecifiedMatching	MESH	2
MONDO:0007250	camptodactyly of fingers	skos:exactMatch	MESH:C567780		semapv:UnspecifiedMatching	MESH	2
MONDO:0007250	camptodactyly of fingers	skos:exactMatch	MESH:C536852		semapv:UnspecifiedMatching	MESH	2
MONDO:0007256	hepatocellular carcinoma	skos:exactMatch	DOID:684		semapv:UnspecifiedMatching	DOID	2
MONDO:0007256	hepatocellular carcinoma	skos:exactMatch	DOID:686		semapv:UnspecifiedMatching	DOID	2
MONDO:0007308	Charcot-Marie-Tooth disease type 2A1	skos:exactMatch	NCIT:C134952	Charcot-Marie-Tooth Disease Type 2A	semapv:UnspecifiedMatching	NCIT	2
MONDO:0007308	Charcot-Marie-Tooth disease type 2A1	skos:exactMatch	NCIT:C150609	Charcot-Marie-Tooth Disease Type 2A1	semapv:UnspecifiedMatching	NCIT	2
MONDO:0007436	dentin dysplasia type I	skos:exactMatch	MESH:C538215		semapv:UnspecifiedMatching	MESH	2
MONDO:0007436	dentin dysplasia type I	skos:exactMatch	MESH:C531665		semapv:UnspecifiedMatching	MESH	2
MONDO:0007648	hereditary diffuse gastric adenocarcinoma	skos:exactMatch	DOID:0080763		semapv:UnspecifiedMatching	DOID	2
MONDO:0007648	hereditary diffuse gastric adenocarcinoma	skos:exactMatch	DOID:0080764		semapv:UnspecifiedMatching	DOID	2
MONDO:0007671	fibronectin glomerulopathy	skos:exactMatch	MESH:C536826		semapv:UnspecifiedMatching	MESH	2
MONDO:0007671	fibronectin glomerulopathy	skos:exactMatch	MESH:C562900		semapv:UnspecifiedMatching	MESH	2
MONDO:0007744	cholesterol-ester transfer protein deficiency	skos:exactMatch	DOID:0111369		semapv:UnspecifiedMatching	DOID	2
MONDO:0007744	cholesterol-ester transfer protein deficiency	skos:broadMatch	DOID:0111368		semapv:UnspecifiedMatching	DOID	2
MONDO:0007762	hyperlipoproteinemia type V	skos:exactMatch	DOID:0111421		semapv:UnspecifiedMatching	DOID	2
MONDO:0007762	hyperlipoproteinemia type V	skos:exactMatch	DOID:1171		semapv:UnspecifiedMatching	DOID	2
MONDO:0007800	chromosome 18p deletion syndrome	skos:exactMatch	Orphanet:1598		semapv:UnspecifiedMatching	Orphanet	2
MONDO:0007800	chromosome 18p deletion syndrome	skos:exactMatch	Orphanet:261974		semapv:UnspecifiedMatching	Orphanet	2
MONDO:0007818	hyper-IgE recurrent infection syndrome 1, autosomal dominant	skos:exactMatch	MESH:C564135		semapv:UnspecifiedMatching	MESH	2
MONDO:0007818	hyper-IgE recurrent infection syndrome 1, autosomal dominant	skos:exactMatch	MESH:C567925		semapv:UnspecifiedMatching	MESH	2
MONDO:0007864	angioosteohypertrophic syndrome	skos:exactMatch	Orphanet:2346		semapv:UnspecifiedMatching	Orphanet	2
MONDO:0007864	angioosteohypertrophic syndrome	skos:exactMatch	Orphanet:90308		semapv:UnspecifiedMatching	Orphanet	2
MONDO:0007880	congenital laryngeal web	skos:exactMatch	MESH:C537676		semapv:UnspecifiedMatching	MESH	2
MONDO:0007880	congenital laryngeal web	skos:exactMatch	MESH:C563636		semapv:UnspecifiedMatching	MESH	2
MONDO:0007919	lymphatic malformation 1	skos:exactMatch	DOID:0070212		semapv:UnspecifiedMatching	DOID	2
MONDO:0007919	lymphatic malformation 1	skos:exactMatch	DOID:0070210		semapv:UnspecifiedMatching	DOID	2
MONDO:0007947	Marfan syndrome	skos:exactMatch	Orphanet:558		semapv:UnspecifiedMatching	Orphanet	2
MONDO:0007947	Marfan syndrome	skos:exactMatch	Orphanet:284963		semapv:UnspecifiedMatching	Orphanet	2
MONDO:0007959	medulloblastoma	skos:exactMatch	DOID:0060104		semapv:UnspecifiedMatching	DOID	2
MONDO:0007959	medulloblastoma	skos:exactMatch	DOID:0050902		semapv:UnspecifiedMatching	DOID	2
MONDO:0008048	autosomal dominant centronuclear myopathy	skos:exactMatch	DOID:0111217		semapv:UnspecifiedMatching	DOID	2
MONDO:0008048	autosomal dominant centronuclear myopathy	skos:exactMatch	DOID:0111223		semapv:UnspecifiedMatching	DOID	2
MONDO:0008289	brain small vessel disease 1 with or without ocular anomalies	skos:exactMatch	MESH:C531642		semapv:UnspecifiedMatching	MESH	2
MONDO:0008289	brain small vessel disease 1 with or without ocular anomalies	skos:exactMatch	MESH:C564372		semapv:UnspecifiedMatching	MESH	2
MONDO:0008346	pulmonary hemosiderosis	skos:exactMatch	DOID:10328		semapv:UnspecifiedMatching	DOID	2
MONDO:0008346	pulmonary hemosiderosis	skos:exactMatch	DOID:12118		semapv:UnspecifiedMatching	DOID	2
MONDO:0008384	rheumatoid nodulosis	skos:exactMatch	SCTID:402426007		semapv:UnspecifiedMatching	SCTID	2
MONDO:0008384	rheumatoid nodulosis	skos:exactMatch	SCTID:402427003		semapv:UnspecifiedMatching	SCTID	2
MONDO:0008433	small cell lung carcinoma	skos:exactMatch	DOID:5409		semapv:UnspecifiedMatching	DOID	2
MONDO:0008433	small cell lung carcinoma	skos:exactMatch	DOID:5411		semapv:UnspecifiedMatching	DOID	2
MONDO:0008458	spinocerebellar ataxia type 2	skos:exactMatch	DOID:0050955		semapv:UnspecifiedMatching	DOID	2
MONDO:0008458	spinocerebellar ataxia type 2	skos:exactMatch	DOID:0060204		semapv:UnspecifiedMatching	DOID	2
MONDO:0008490	otospondylomegaepiphyseal dysplasia, autosomal dominant	skos:exactMatch	MESH:C535776		semapv:UnspecifiedMatching	MESH	2
MONDO:0008490	otospondylomegaepiphyseal dysplasia, autosomal dominant	skos:exactMatch	MESH:C537494		semapv:UnspecifiedMatching	MESH	2
MONDO:0008490	otospondylomegaepiphyseal dysplasia, autosomal dominant	skos:exactMatch	DOID:0080677		semapv:UnspecifiedMatching	DOID	2
MONDO:0008490	otospondylomegaepiphyseal dysplasia, autosomal dominant	skos:exactMatch	DOID:4258		semapv:UnspecifiedMatching	DOID	2
MONDO:0008551	thoracolaryngopelvic dysplasia	skos:exactMatch	OMIM:187760		semapv:UnspecifiedMatching	OMIM	2
MONDO:0008551	thoracolaryngopelvic dysplasia	skos:exactMatch	OMIM:187770		semapv:UnspecifiedMatching	OMIM	2
MONDO:0008559	thrombophilia due to thrombin defect	skos:exactMatch	DOID:0080701		semapv:UnspecifiedMatching	DOID	2
MONDO:0008559	thrombophilia due to thrombin defect	skos:exactMatch	DOID:0111907		semapv:UnspecifiedMatching	DOID	2
MONDO:0008572	tibia, hypoplasia or aplasia of, with polydactyly	skos:exactMatch	MESH:C535564		semapv:UnspecifiedMatching	MESH	2
MONDO:0008572	tibia, hypoplasia or aplasia of, with polydactyly	skos:exactMatch	MESH:C566046		semapv:UnspecifiedMatching	MESH	2
MONDO:0008583	inherited torticollis	skos:exactMatch	SCTID:268240006		semapv:UnspecifiedMatching	SCTID	2
MONDO:0008583	inherited torticollis	skos:exactMatch	SCTID:70070008		semapv:UnspecifiedMatching	SCTID	2
MONDO:0008675	Freeman-Sheldon syndrome	skos:exactMatch	DOID:0111605		semapv:UnspecifiedMatching	DOID	2
MONDO:0008675	Freeman-Sheldon syndrome	skos:exactMatch	DOID:0111604		semapv:UnspecifiedMatching	DOID	2
MONDO:0008728	classic congenital adrenal hyperplasia due to 21-hydroxylase deficiency	skos:exactMatch	SCTID:124221007		semapv:UnspecifiedMatching	SCTID	2
MONDO:0008728	classic congenital adrenal hyperplasia due to 21-hydroxylase deficiency	skos:exactMatch	SCTID:717261006		semapv:UnspecifiedMatching	SCTID	2
MONDO:0008772	amelogenesis imperfecta type 2A1	skos:exactMatch	MESH:C538242		semapv:UnspecifiedMatching	MESH	2
MONDO:0008772	amelogenesis imperfecta type 2A1	skos:exactMatch	MESH:C567146		semapv:UnspecifiedMatching	MESH	2
MONDO:0008803	Antley-Bixler syndrome	skos:exactMatch	DOID:0050462		semapv:UnspecifiedMatching	DOID	2
MONDO:0008803	Antley-Bixler syndrome	skos:exactMatch	DOID:0081289		semapv:UnspecifiedMatching	DOID	2
MONDO:0008807	apnea, central sleep	skos:exactMatch	OMIM:107640		semapv:UnspecifiedMatching	OMIM	2
MONDO:0008807	apnea, central sleep	skos:exactMatch	OMIM:207720		semapv:UnspecifiedMatching	OMIM	2
MONDO:0008855	MHC class II deficiency	skos:exactMatch	NCIT:C176823	MHC Class II Deficiency	semapv:UnspecifiedMatching	NCIT	2
MONDO:0008855	MHC class II deficiency	skos:exactMatch	NCIT:C3895	Bare Lymphocyte Syndrome	semapv:UnspecifiedMatching	NCIT	2
MONDO:0008885	Elsahy-Waters syndrome	skos:exactMatch	MESH:C537084		semapv:UnspecifiedMatching	MESH	2
MONDO:0008885	Elsahy-Waters syndrome	skos:exactMatch	MESH:C566373		semapv:UnspecifiedMatching	MESH	2
MONDO:0008947	bilateral striopallidodentate calcinosis	skos:exactMatch	SCTID:110997000		semapv:UnspecifiedMatching	SCTID	2
MONDO:0008947	bilateral striopallidodentate calcinosis	skos:exactMatch	SCTID:230311004		semapv:UnspecifiedMatching	SCTID	2
MONDO:0008982	central areolar choroidal dystrophy	skos:exactMatch	SCTID:231996009		semapv:UnspecifiedMatching	SCTID	2
MONDO:0008982	central areolar choroidal dystrophy	skos:exactMatch	SCTID:312918002		semapv:UnspecifiedMatching	SCTID	2
MONDO:0009025	apparent mineralocorticoid excess	skos:exactMatch	MESH:C537422		semapv:UnspecifiedMatching	MESH	2
MONDO:0009025	apparent mineralocorticoid excess	skos:exactMatch	MESH:D043204		semapv:UnspecifiedMatching	MESH	2
MONDO:0009025	apparent mineralocorticoid excess	skos:exactMatch	NCIT:C123231	Syndrome of Apparent Mineralocorticoid Excess	semapv:UnspecifiedMatching	NCIT	2
MONDO:0009025	apparent mineralocorticoid excess	skos:exactMatch	NCIT:C131083	11 Beta-Hydroxysteroid Dehydrogenase Type 2 Deficiency	semapv:UnspecifiedMatching	NCIT	2
MONDO:0009025	apparent mineralocorticoid excess	skos:exactMatch	SCTID:237770005		semapv:UnspecifiedMatching	SCTID	2
MONDO:0009025	apparent mineralocorticoid excess	skos:exactMatch	SCTID:703256004		semapv:UnspecifiedMatching	SCTID	2
MONDO:0009041	craniosynostosis-intellectual disability-clefting syndrome	skos:exactMatch	MESH:C537906		semapv:UnspecifiedMatching	MESH	2
MONDO:0009041	craniosynostosis-intellectual disability-clefting syndrome	skos:exactMatch	MESH:C565663		semapv:UnspecifiedMatching	MESH	2
MONDO:0009146	ectodermal dysplasia-sensorineural deafness syndrome	skos:exactMatch	MESH:C535757		semapv:UnspecifiedMatching	MESH	2
MONDO:0009146	ectodermal dysplasia-sensorineural deafness syndrome	skos:exactMatch	MESH:C565606		semapv:UnspecifiedMatching	MESH	2
MONDO:0009151	cleft lip/palate-ectodermal dysplasia syndrome	skos:exactMatch	DOID:0060773		semapv:UnspecifiedMatching	DOID	2
MONDO:0009151	cleft lip/palate-ectodermal dysplasia syndrome	skos:exactMatch	DOID:0080400		semapv:UnspecifiedMatching	DOID	2
MONDO:0009196	ermine phenotype	skos:exactMatch	MESH:C535508		semapv:UnspecifiedMatching	MESH	2
MONDO:0009196	ermine phenotype	skos:exactMatch	MESH:C562663		semapv:UnspecifiedMatching	MESH	2
MONDO:0009288	glycogen storage disease Ib	skos:exactMatch	OMIM:232220		semapv:UnspecifiedMatching	OMIM	2
MONDO:0009288	glycogen storage disease Ib	skos:exactMatch	OMIM:232240		semapv:UnspecifiedMatching	OMIM	2
MONDO:0009288	glycogen storage disease Ib	skos:exactMatch	DOID:0081330		semapv:UnspecifiedMatching	DOID	2
MONDO:0009288	glycogen storage disease Ib	skos:exactMatch	DOID:0081331		semapv:UnspecifiedMatching	DOID	2
MONDO:0009288	glycogen storage disease Ib	skos:exactMatch	SCTID:237965005		semapv:UnspecifiedMatching	SCTID	2
MONDO:0009288	glycogen storage disease Ib	skos:exactMatch	SCTID:30102006		semapv:UnspecifiedMatching	SCTID	2
MONDO:0009327	heart, malformation of	skos:exactMatch	OMIM:140500		semapv:UnspecifiedMatching	OMIM	2
MONDO:0009327	heart, malformation of	skos:exactMatch	OMIM:234750		semapv:UnspecifiedMatching	OMIM	2
MONDO:0009343	Hirschsprung disease with ulnar polydactyly, polysyndactyly of big toes, and ventricular septal defect	skos:exactMatch	MESH:C538120		semapv:UnspecifiedMatching	MESH	2
MONDO:0009343	Hirschsprung disease with ulnar polydactyly, polysyndactyly of big toes, and ventricular septal defect	skos:exactMatch	MESH:C565517		semapv:UnspecifiedMatching	MESH	2
MONDO:0009354	methylcobalamin deficiency type cblE	skos:exactMatch	DOID:0050732		semapv:UnspecifiedMatching	DOID	2
MONDO:0009354	methylcobalamin deficiency type cblE	skos:exactMatch	DOID:0112255		semapv:UnspecifiedMatching	DOID	2
MONDO:0009412	scurvy	skos:exactMatch	MESH:D001206		semapv:UnspecifiedMatching	MESH	2
MONDO:0009412	scurvy	skos:exactMatch	MESH:D012614		semapv:UnspecifiedMatching	MESH	2
MONDO:0009477	Stromme syndrome	skos:exactMatch	Orphanet:506307		semapv:UnspecifiedMatching	Orphanet	2
MONDO:0009477	Stromme syndrome	skos:exactMatch	Orphanet:444069		semapv:UnspecifiedMatching	Orphanet	2
MONDO:0009479	Johanson-Blizzard syndrome	skos:exactMatch	MESH:C535880		semapv:UnspecifiedMatching	MESH	2
MONDO:0009479	Johanson-Blizzard syndrome	skos:exactMatch	MESH:C564907		semapv:UnspecifiedMatching	MESH	2
MONDO:0009504	mitochondrial DNA depletion syndrome 9	skos:exactMatch	MESH:C538134		semapv:UnspecifiedMatching	MESH	2
MONDO:0009504	mitochondrial DNA depletion syndrome 9	skos:exactMatch	MESH:C566885		semapv:UnspecifiedMatching	MESH	2
MONDO:0009579	Frank-Ter Haar syndrome	skos:exactMatch	MESH:C536577		semapv:UnspecifiedMatching	MESH	2
MONDO:0009579	Frank-Ter Haar syndrome	skos:exactMatch	MESH:C537274		semapv:UnspecifiedMatching	MESH	2
MONDO:0009609	methylcobalamin deficiency type cblG	skos:exactMatch	DOID:0050733		semapv:UnspecifiedMatching	DOID	2
MONDO:0009609	methylcobalamin deficiency type cblG	skos:exactMatch	DOID:0112256		semapv:UnspecifiedMatching	DOID	2
MONDO:0009613	methylmalonic aciduria, cblA type	skos:exactMatch	SCTID:73843004		semapv:UnspecifiedMatching	SCTID	2
MONDO:0009613	methylmalonic aciduria, cblA type	skos:exactMatch	SCTID:82245003		semapv:UnspecifiedMatching	SCTID	2
MONDO:0009666	holocarboxylase synthetase deficiency	skos:exactMatch	SCTID:15307001		semapv:UnspecifiedMatching	SCTID	2
MONDO:0009666	holocarboxylase synthetase deficiency	skos:exactMatch	SCTID:360369003		semapv:UnspecifiedMatching	SCTID	2
MONDO:0009669	spinal muscular atrophy, type 1	skos:broadMatch	DOID:0060160		semapv:UnspecifiedMatching	DOID	2
MONDO:0009669	spinal muscular atrophy, type 1	skos:exactMatch	DOID:13137		semapv:UnspecifiedMatching	DOID	2
MONDO:0009698	Unverricht-Lundborg syndrome	skos:exactMatch	DOID:3535		semapv:UnspecifiedMatching	DOID	2
MONDO:0009698	Unverricht-Lundborg syndrome	skos:exactMatch	DOID:0111452		semapv:UnspecifiedMatching	DOID	2
MONDO:0009738	sialidosis type 2	skos:exactMatch	OMIM:256150		semapv:UnspecifiedMatching	OMIM	2
MONDO:0009738	sialidosis type 2	skos:exactMatch	OMIM:256550		semapv:UnspecifiedMatching	OMIM	2
MONDO:0009738	sialidosis type 2	skos:exactMatch	SCTID:52186006		semapv:UnspecifiedMatching	SCTID	2
MONDO:0009738	sialidosis type 2	skos:exactMatch	SCTID:81896006		semapv:UnspecifiedMatching	SCTID	2
MONDO:0009821	lethal osteosclerotic bone dysplasia	skos:exactMatch	MESH:C564916		semapv:UnspecifiedMatching	MESH	2
MONDO:0009821	lethal osteosclerotic bone dysplasia	skos:exactMatch	MESH:C535282		semapv:UnspecifiedMatching	MESH	2
MONDO:0009916	46,XY disorder of sex development due to 17-beta-hydroxysteroid dehydrogenase 3 deficiency	skos:exactMatch	MESH:C537805		semapv:UnspecifiedMatching	MESH	2
MONDO:0009916	46,XY disorder of sex development due to 17-beta-hydroxysteroid dehydrogenase 3 deficiency	skos:exactMatch	MESH:C564868		semapv:UnspecifiedMatching	MESH	2
MONDO:0009925	autosomal recessive inherited pseudoxanthoma elasticum	skos:exactMatch	SCTID:402782006		semapv:UnspecifiedMatching	SCTID	2
MONDO:0009925	autosomal recessive inherited pseudoxanthoma elasticum	skos:exactMatch	SCTID:72744008		semapv:UnspecifiedMatching	SCTID	2
MONDO:0009952	radioulnar synostosis-developmental delay-hypotonia syndrome	skos:exactMatch	MESH:C564856		semapv:UnspecifiedMatching	MESH	2
MONDO:0009952	radioulnar synostosis-developmental delay-hypotonia syndrome	skos:exactMatch	MESH:C538217		semapv:UnspecifiedMatching	MESH	2
MONDO:0009953	leukocyte adhesion deficiency type II	skos:exactMatch	DOID:0070255		semapv:UnspecifiedMatching	DOID	2
MONDO:0009953	leukocyte adhesion deficiency type II	skos:exactMatch	DOID:0080492		semapv:UnspecifiedMatching	DOID	2
MONDO:0009959	peroxisome biogenesis disorder type 3B	skos:exactMatch	DOID:0050444		semapv:UnspecifiedMatching	DOID	2
MONDO:0009959	peroxisome biogenesis disorder type 3B	skos:exactMatch	DOID:0081241		semapv:UnspecifiedMatching	DOID	2
MONDO:0009968	renal tubular acidosis, distal, 2, with progressive sensorineural hearing loss	skos:exactMatch	SCTID:236532003		semapv:UnspecifiedMatching	SCTID	2
MONDO:0009968	renal tubular acidosis, distal, 2, with progressive sensorineural hearing loss	skos:exactMatch	SCTID:722468005		semapv:UnspecifiedMatching	SCTID	2
MONDO:0010015	anterior segment dysgenesis 7	skos:exactMatch	DOID:0060648		semapv:UnspecifiedMatching	DOID	2
MONDO:0010015	anterior segment dysgenesis 7	skos:exactMatch	DOID:0080612		semapv:UnspecifiedMatching	DOID	2
MONDO:0010187	vitamin K-dependent clotting factors, combined deficiency of, type 1	skos:exactMatch	DOID:0112172		semapv:UnspecifiedMatching	DOID	2
MONDO:0010187	vitamin K-dependent clotting factors, combined deficiency of, type 1	skos:exactMatch	DOID:0112173		semapv:UnspecifiedMatching	DOID	2
MONDO:0010275	spondyloepimetaphyseal dysplasia, Bieganski type	skos:exactMatch	MESH:C536671		semapv:UnspecifiedMatching	MESH	2
MONDO:0010275	spondyloepimetaphyseal dysplasia, Bieganski type	skos:exactMatch	MESH:C567065		semapv:UnspecifiedMatching	MESH	2
MONDO:0010327	HSD10 mitochondrial disease	skos:exactMatch	MESH:C536080		semapv:UnspecifiedMatching	MESH	2
MONDO:0010327	HSD10 mitochondrial disease	skos:exactMatch	MESH:C564560		semapv:UnspecifiedMatching	MESH	2
MONDO:0010349	ovarian dysgenesis 2	skos:exactMatch	DOID:0080494		semapv:UnspecifiedMatching	DOID	2
MONDO:0010349	ovarian dysgenesis 2	skos:exactMatch	DOID:0080861		semapv:UnspecifiedMatching	DOID	2
MONDO:0010403	albinism-hearing loss syndrome	skos:exactMatch	SCTID:722285005		semapv:UnspecifiedMatching	SCTID	2
MONDO:0010403	albinism-hearing loss syndrome	skos:exactMatch	SCTID:74320008		semapv:UnspecifiedMatching	SCTID	2
MONDO:0010407	intellectual disability, X-linked syndromic, Turner type	skos:exactMatch	MESH:C563154		semapv:UnspecifiedMatching	MESH	2
MONDO:0010407	intellectual disability, X-linked syndromic, Turner type	skos:exactMatch	MESH:C567476		semapv:UnspecifiedMatching	MESH	2
MONDO:0010490	SSR4-congenital disorder of glycosylation	skos:exactMatch	DOID:0080574		semapv:UnspecifiedMatching	DOID	2
MONDO:0010490	SSR4-congenital disorder of glycosylation	skos:exactMatch	DOID:0070257		semapv:UnspecifiedMatching	DOID	2
MONDO:0010535	Bazex-Dupre-Christol syndrome	skos:exactMatch	Orphanet:166113		semapv:UnspecifiedMatching	Orphanet	2
MONDO:0010535	Bazex-Dupre-Christol syndrome	skos:exactMatch	Orphanet:113		semapv:UnspecifiedMatching	Orphanet	2
MONDO:0010535	Bazex-Dupre-Christol syndrome	skos:exactMatch	SCTID:238640007		semapv:UnspecifiedMatching	SCTID	2
MONDO:0010535	Bazex-Dupre-Christol syndrome	skos:exactMatch	SCTID:254820002		semapv:UnspecifiedMatching	SCTID	2
MONDO:0010542	dilated cardiomyopathy 3B	skos:exactMatch	DOID:0081164		semapv:UnspecifiedMatching	DOID	2
MONDO:0010542	dilated cardiomyopathy 3B	skos:exactMatch	DOID:0110461		semapv:UnspecifiedMatching	DOID	2
MONDO:0010561	Coffin-Lowry syndrome	skos:exactMatch	MESH:C536435		semapv:UnspecifiedMatching	MESH	2
MONDO:0010561	Coffin-Lowry syndrome	skos:exactMatch	MESH:D038921		semapv:UnspecifiedMatching	MESH	2
MONDO:0010574	syndromic X-linked intellectual disability 5	skos:exactMatch	Orphanet:1568		semapv:UnspecifiedMatching	Orphanet	2
MONDO:0010574	syndromic X-linked intellectual disability 5	skos:exactMatch	Orphanet:85329		semapv:UnspecifiedMatching	Orphanet	2
MONDO:0010598	glycogen storage disease IXa1	skos:exactMatch	DOID:2751		semapv:UnspecifiedMatching	DOID	2
MONDO:0010598	glycogen storage disease IXa1	skos:exactMatch	DOID:0111042		semapv:UnspecifiedMatching	DOID	2
MONDO:0010598	glycogen storage disease IXa1	skos:exactMatch	MESH:C564421		semapv:UnspecifiedMatching	MESH	2
MONDO:0010598	glycogen storage disease IXa1	skos:exactMatch	MESH:D006015		semapv:UnspecifiedMatching	MESH	2
MONDO:0010602	hemophilia A	skos:exactMatch	OMIM:306700		semapv:UnspecifiedMatching	OMIM	2
MONDO:0010602	hemophilia A	skos:exactMatch	OMIM:134500		semapv:UnspecifiedMatching	OMIM	2
MONDO:0010626	hyper-IgM syndrome type 1	skos:exactMatch	DOID:6620		semapv:UnspecifiedMatching	DOID	2
MONDO:0010626	hyper-IgM syndrome type 1	skos:exactMatch	DOID:0060022		semapv:UnspecifiedMatching	DOID	2
MONDO:0010656	intellectual disability, X-linked 1	skos:exactMatch	MESH:C564489		semapv:UnspecifiedMatching	MESH	2
MONDO:0010656	intellectual disability, X-linked 1	skos:exactMatch	MESH:C567906		semapv:UnspecifiedMatching	MESH	2
MONDO:0010663	intellectual disability-hypotonic facies syndrome, X-linked, 1	skos:exactMatch	SCTID:717763008		semapv:UnspecifiedMatching	SCTID	2
MONDO:0010663	intellectual disability-hypotonic facies syndrome, X-linked, 1	skos:exactMatch	SCTID:719212004		semapv:UnspecifiedMatching	SCTID	2
MONDO:0010671	microphthalmia, syndromic 1	skos:exactMatch	SCTID:438504004		semapv:UnspecifiedMatching	SCTID	2
MONDO:0010671	microphthalmia, syndromic 1	skos:exactMatch	SCTID:717222003		semapv:UnspecifiedMatching	SCTID	2
MONDO:0010674	mucopolysaccharidosis type 2	skos:exactMatch	Orphanet:580		semapv:UnspecifiedMatching	Orphanet	2
MONDO:0010674	mucopolysaccharidosis type 2	skos:exactMatch	Orphanet:79388		semapv:UnspecifiedMatching	Orphanet	2
MONDO:0010758	Wieacker-Wolff syndrome	skos:exactMatch	Orphanet:3454		semapv:UnspecifiedMatching	Orphanet	2
MONDO:0010758	Wieacker-Wolff syndrome	skos:exactMatch	Orphanet:85283		semapv:UnspecifiedMatching	Orphanet	2
MONDO:0010758	Wieacker-Wolff syndrome	skos:exactMatch	SCTID:719012009		semapv:UnspecifiedMatching	SCTID	2
MONDO:0010758	Wieacker-Wolff syndrome	skos:exactMatch	SCTID:722456001		semapv:UnspecifiedMatching	SCTID	2
MONDO:0010936	frontotemporal dementia and/or amyotrophic lateral sclerosis 7	skos:exactMatch	MESH:C563708		semapv:UnspecifiedMatching	MESH	2
MONDO:0010936	frontotemporal dementia and/or amyotrophic lateral sclerosis 7	skos:exactMatch	MESH:C579991		semapv:UnspecifiedMatching	MESH	2
MONDO:0010958	cardiac arrhythmia, ankyrin-B-related	skos:exactMatch	DOID:0111700		semapv:UnspecifiedMatching	DOID	2
MONDO:0010958	cardiac arrhythmia, ankyrin-B-related	skos:exactMatch	DOID:0111701		semapv:UnspecifiedMatching	DOID	2
MONDO:0011147	chromosome 18q deletion syndrome	skos:exactMatch	Orphanet:1600		semapv:UnspecifiedMatching	Orphanet	2
MONDO:0011147	chromosome 18q deletion syndrome	skos:exactMatch	Orphanet:262146		semapv:UnspecifiedMatching	Orphanet	2
MONDO:0011166	lymphedema-atrial septal defects-facial changes syndrome	skos:exactMatch	MESH:C535539		semapv:UnspecifiedMatching	MESH	2
MONDO:0011166	lymphedema-atrial septal defects-facial changes syndrome	skos:exactMatch	MESH:C567398		semapv:UnspecifiedMatching	MESH	2
MONDO:0011273	H syndrome	skos:exactMatch	MESH:C535391		semapv:UnspecifiedMatching	MESH	2
MONDO:0011273	H syndrome	skos:exactMatch	MESH:C538322		semapv:UnspecifiedMatching	MESH	2
MONDO:0011362	myopathy, myofibrillar, 9, with early respiratory failure	skos:exactMatch	MESH:C564377		semapv:UnspecifiedMatching	MESH	2
MONDO:0011362	myopathy, myofibrillar, 9, with early respiratory failure	skos:exactMatch	MESH:C566343		semapv:UnspecifiedMatching	MESH	2
MONDO:0011401	Alzheimer disease without neurofibrillary tangles	skos:exactMatch	MESH:C566998		semapv:UnspecifiedMatching	MESH	2
MONDO:0011401	Alzheimer disease without neurofibrillary tangles	skos:exactMatch	MESH:C536599		semapv:UnspecifiedMatching	MESH	2
MONDO:0011414	Peters anomaly	skos:exactMatch	DOID:0060673		semapv:UnspecifiedMatching	DOID	2
MONDO:0011414	Peters anomaly	skos:exactMatch	DOID:0080610		semapv:UnspecifiedMatching	DOID	2
MONDO:0011606	baby rattle pelvis dysplasia	skos:exactMatch	MESH:C565282		semapv:UnspecifiedMatching	MESH	2
MONDO:0011606	baby rattle pelvis dysplasia	skos:exactMatch	MESH:C537794		semapv:UnspecifiedMatching	MESH	2
MONDO:0011655	alveolar soft part sarcoma	skos:exactMatch	NCIT:C3750	Alveolar Soft Part Sarcoma	semapv:UnspecifiedMatching	NCIT	2
MONDO:0011655	alveolar soft part sarcoma	skos:exactMatch	NCIT:C7943	Adult Alveolar Soft Part Sarcoma	semapv:UnspecifiedMatching	NCIT	2
MONDO:0011669	hypotonia-cystinuria syndrome	skos:exactMatch	Orphanet:163690		semapv:UnspecifiedMatching	Orphanet	2
MONDO:0011669	hypotonia-cystinuria syndrome	skos:exactMatch	Orphanet:238517		semapv:UnspecifiedMatching	Orphanet	2
MONDO:0011773	anauxetic dysplasia	skos:exactMatch	DOID:0050640		semapv:UnspecifiedMatching	DOID	2
MONDO:0011773	anauxetic dysplasia	skos:exactMatch	DOID:0080942		semapv:UnspecifiedMatching	DOID	2
MONDO:0011781	spinocerebellar ataxia type 17	skos:exactMatch	MESH:C563505		semapv:UnspecifiedMatching	MESH	3
MONDO:0011781	spinocerebellar ataxia type 17	skos:exactMatch	MESH:C564616		semapv:UnspecifiedMatching	MESH	3
MONDO:0011781	spinocerebellar ataxia type 17	skos:exactMatch	MESH:C565866		semapv:UnspecifiedMatching	MESH	3
MONDO:0011806	osteofibrous dysplasia	skos:exactMatch	MESH:C563787		semapv:UnspecifiedMatching	MESH	2
MONDO:0011806	osteofibrous dysplasia	skos:exactMatch	MESH:C563276		semapv:UnspecifiedMatching	MESH	2
MONDO:0011812	Duane-radial ray syndrome	skos:exactMatch	Orphanet:93293		semapv:UnspecifiedMatching	Orphanet	2
MONDO:0011812	Duane-radial ray syndrome	skos:exactMatch	Orphanet:959		semapv:UnspecifiedMatching	Orphanet	2
MONDO:0011812	Duane-radial ray syndrome	skos:exactMatch	SCTID:720415006		semapv:UnspecifiedMatching	SCTID	2
MONDO:0011812	Duane-radial ray syndrome	skos:exactMatch	SCTID:699867001		semapv:UnspecifiedMatching	SCTID	2
MONDO:0011819	spinocerebellar ataxia type 19/22	skos:exactMatch	MESH:C537198		semapv:UnspecifiedMatching	MESH	2
MONDO:0011819	spinocerebellar ataxia type 19/22	skos:exactMatch	MESH:C542540		semapv:UnspecifiedMatching	MESH	2
MONDO:0011835	sensory ataxic neuropathy, dysarthria, and ophthalmoparesis	skos:exactMatch	Orphanet:402082		semapv:UnspecifiedMatching	Orphanet	2
MONDO:0011835	sensory ataxic neuropathy, dysarthria, and ophthalmoparesis	skos:exactMatch	Orphanet:70595		semapv:UnspecifiedMatching	Orphanet	2
MONDO:0011841	biotin-responsive basal ganglia disease	skos:exactMatch	Orphanet:199348		semapv:UnspecifiedMatching	Orphanet	2
MONDO:0011841	biotin-responsive basal ganglia disease	skos:exactMatch	Orphanet:65284		semapv:UnspecifiedMatching	Orphanet	2
MONDO:0011841	biotin-responsive basal ganglia disease	skos:exactMatch	SCTID:703522009		semapv:UnspecifiedMatching	SCTID	2
MONDO:0011841	biotin-responsive basal ganglia disease	skos:exactMatch	SCTID:723557004		semapv:UnspecifiedMatching	SCTID	2
MONDO:0011996	chronic myelogenous leukemia, BCR-ABL1 positive	skos:exactMatch	DOID:0081088		semapv:UnspecifiedMatching	DOID	2
MONDO:0011996	chronic myelogenous leukemia, BCR-ABL1 positive	skos:exactMatch	DOID:8552		semapv:UnspecifiedMatching	DOID	2
MONDO:0012105	granulomatosis with polyangiitis	skos:exactMatch	NCIT:C123111	Pauci-Immune Glomerulonephritis associated with Granulomatosis with Polyangiitis	semapv:UnspecifiedMatching	NCIT	2
MONDO:0012105	granulomatosis with polyangiitis	skos:exactMatch	NCIT:C3444	Granulomatosis with Polyangiitis	semapv:UnspecifiedMatching	NCIT	2
MONDO:0012215	myofibrillar myopathy 3	skos:exactMatch	MESH:C535906		semapv:UnspecifiedMatching	MESH	3
MONDO:0012215	myofibrillar myopathy 3	skos:exactMatch	MESH:C000598645		semapv:UnspecifiedMatching	MESH	3
MONDO:0012215	myofibrillar myopathy 3	skos:exactMatch	MESH:C563775		semapv:UnspecifiedMatching	MESH	3
MONDO:0012215	myofibrillar myopathy 3	skos:exactMatch	Orphanet:266		semapv:UnspecifiedMatching	Orphanet	3
MONDO:0012215	myofibrillar myopathy 3	skos:exactMatch	Orphanet:98911		semapv:UnspecifiedMatching	Orphanet	3
MONDO:0012215	myofibrillar myopathy 3	skos:exactMatch	Orphanet:268129		semapv:UnspecifiedMatching	Orphanet	3
MONDO:0012215	myofibrillar myopathy 3	skos:exactMatch	SCTID:719985001		semapv:UnspecifiedMatching	SCTID	3
MONDO:0012215	myofibrillar myopathy 3	skos:exactMatch	SCTID:765196004		semapv:UnspecifiedMatching	SCTID	3
MONDO:0012215	myofibrillar myopathy 3	skos:exactMatch	SCTID:765092004		semapv:UnspecifiedMatching	SCTID	3
MONDO:0012426	immunodeficiency 25	skos:exactMatch	DOID:0060007		semapv:UnspecifiedMatching	DOID	2
MONDO:0012426	immunodeficiency 25	skos:exactMatch	DOID:0111942		semapv:UnspecifiedMatching	DOID	2
MONDO:0012455	Kleefstra syndrome	skos:exactMatch	DOID:0080597		semapv:UnspecifiedMatching	DOID	2
MONDO:0012455	Kleefstra syndrome	skos:exactMatch	DOID:0060352		semapv:UnspecifiedMatching	DOID	2
MONDO:0012456	congenital primary aphakia	skos:exactMatch	DOID:0080607		semapv:UnspecifiedMatching	DOID	2
MONDO:0012456	congenital primary aphakia	skos:exactMatch	DOID:11367		semapv:UnspecifiedMatching	DOID	2
MONDO:0012474	autosomal dominant nocturnal frontal lobe epilepsy 4	skos:exactMatch	DOID:0060685		semapv:UnspecifiedMatching	DOID	2
MONDO:0012474	autosomal dominant nocturnal frontal lobe epilepsy 4	skos:exactMatch	DOID:0081119		semapv:UnspecifiedMatching	DOID	2
MONDO:0012756	proximal 16p11.2 microdeletion syndrome	skos:exactMatch	SCTID:718227006		semapv:UnspecifiedMatching	SCTID	2
MONDO:0012756	proximal 16p11.2 microdeletion syndrome	skos:exactMatch	SCTID:699307007		semapv:UnspecifiedMatching	SCTID	2
MONDO:0012792	mitochondrial DNA depletion syndrome 8a	skos:exactMatch	DOID:0070331		semapv:UnspecifiedMatching	DOID	2
MONDO:0012792	mitochondrial DNA depletion syndrome 8a	skos:exactMatch	DOID:0080127		semapv:UnspecifiedMatching	DOID	2
MONDO:0012853	Fontaine progeroid syndrome	skos:exactMatch	Orphanet:2095		semapv:UnspecifiedMatching	Orphanet	2
MONDO:0012853	Fontaine progeroid syndrome	skos:exactMatch	Orphanet:2963		semapv:UnspecifiedMatching	Orphanet	2
MONDO:0012864	chromosome 2q32-q33 deletion syndrome	skos:exactMatch	Orphanet:251019		semapv:UnspecifiedMatching	Orphanet	2
MONDO:0012864	chromosome 2q32-q33 deletion syndrome	skos:exactMatch	Orphanet:576283		semapv:UnspecifiedMatching	Orphanet	2
MONDO:0012883	acute promyelocytic leukemia	skos:exactMatch	DOID:0060318		semapv:UnspecifiedMatching	DOID	2
MONDO:0012883	acute promyelocytic leukemia	skos:exactMatch	DOID:0081081		semapv:UnspecifiedMatching	DOID	2
MONDO:0013127	asphyxiating thoracic dystrophy 3	skos:exactMatch	DOID:0050549		semapv:UnspecifiedMatching	DOID	2
MONDO:0013127	asphyxiating thoracic dystrophy 3	skos:exactMatch	DOID:0110087		semapv:UnspecifiedMatching	DOID	2
MONDO:0013127	asphyxiating thoracic dystrophy 3	skos:exactMatch	Orphanet:93270		semapv:UnspecifiedMatching	Orphanet	2
MONDO:0013127	asphyxiating thoracic dystrophy 3	skos:exactMatch	Orphanet:93271		semapv:UnspecifiedMatching	Orphanet	2
MONDO:0013171	purine nucleoside phosphorylase deficiency	skos:exactMatch	NCIT:C3963	Purine-Nucleoside Phosphorylase Deficiency	semapv:UnspecifiedMatching	NCIT	2
MONDO:0013171	purine nucleoside phosphorylase deficiency	skos:exactMatch	NCIT:C176817	Purine Nucleoside Phosphorylase Deficiency	semapv:UnspecifiedMatching	NCIT	2
MONDO:0013209	non-alcoholic fatty liver disease	skos:exactMatch	DOID:0080208		semapv:UnspecifiedMatching	DOID	2
MONDO:0013209	non-alcoholic fatty liver disease	skos:exactMatch	DOID:0080546		semapv:UnspecifiedMatching	DOID	2
MONDO:0013280	myxoid liposarcoma	skos:exactMatch	DOID:5363		semapv:UnspecifiedMatching	DOID	2
MONDO:0013280	myxoid liposarcoma	skos:exactMatch	DOID:5709		semapv:UnspecifiedMatching	DOID	2
MONDO:0013287	agammaglobulinemia 2, autosomal recessive	skos:exactMatch	DOID:0060024		semapv:UnspecifiedMatching	DOID	2
MONDO:0013287	agammaglobulinemia 2, autosomal recessive	skos:exactMatch	DOID:0081135		semapv:UnspecifiedMatching	DOID	2
MONDO:0013357	chromosome 17q11.2 deletion syndrome, 1.4Mb	skos:exactMatch	Orphanet:137634		semapv:UnspecifiedMatching	Orphanet	2
MONDO:0013357	chromosome 17q11.2 deletion syndrome, 1.4Mb	skos:exactMatch	Orphanet:97685		semapv:UnspecifiedMatching	Orphanet	2
MONDO:0013626	psoriasis 14, pustular	skos:exactMatch	Orphanet:163931		semapv:UnspecifiedMatching	Orphanet	3
MONDO:0013626	psoriasis 14, pustular	skos:exactMatch	Orphanet:247353		semapv:UnspecifiedMatching	Orphanet	3
MONDO:0013626	psoriasis 14, pustular	skos:exactMatch	Orphanet:404546		semapv:UnspecifiedMatching	Orphanet	3
MONDO:0013753	Charcot-Marie-Tooth disease axonal type 2P	skos:exactMatch	Orphanet:99941		semapv:UnspecifiedMatching	Orphanet	2
MONDO:0013753	Charcot-Marie-Tooth disease axonal type 2P	skos:exactMatch	Orphanet:300319		semapv:UnspecifiedMatching	Orphanet	2
MONDO:0014150	developmental and epileptic encephalopathy 94	skos:exactMatch	DOID:0060475		semapv:UnspecifiedMatching	DOID	2
MONDO:0014150	developmental and epileptic encephalopathy 94	skos:exactMatch	DOID:0081325		semapv:UnspecifiedMatching	DOID	2
MONDO:0014236	Ehlers-Danlos syndrome, musculocontractural type 2	skos:exactMatch	DOID:0080735		semapv:UnspecifiedMatching	DOID	2
MONDO:0014236	Ehlers-Danlos syndrome, musculocontractural type 2	skos:exactMatch	DOID:0080737		semapv:UnspecifiedMatching	DOID	2
MONDO:0014276	combined immunodeficiency due to CD3gamma deficiency	skos:exactMatch	DOID:0111973		semapv:UnspecifiedMatching	DOID	2
MONDO:0014276	combined immunodeficiency due to CD3gamma deficiency	skos:exactMatch	DOID:0060018		semapv:UnspecifiedMatching	DOID	2
MONDO:0014278	immunodeficiency 18	skos:exactMatch	DOID:0060017		semapv:UnspecifiedMatching	DOID	2
MONDO:0014278	immunodeficiency 18	skos:exactMatch	DOID:0111971		semapv:UnspecifiedMatching	DOID	2
MONDO:0014280	immunodeficiency 19	skos:exactMatch	DOID:0060016		semapv:UnspecifiedMatching	DOID	2
MONDO:0014280	immunodeficiency 19	skos:exactMatch	DOID:0111972		semapv:UnspecifiedMatching	DOID	2
MONDO:0014561	3-methylglutaconic aciduria, type VIIB	skos:exactMatch	DOID:0110003		semapv:UnspecifiedMatching	DOID	2
MONDO:0014561	3-methylglutaconic aciduria, type VIIB	skos:exactMatch	DOID:0081134		semapv:UnspecifiedMatching	DOID	2
MONDO:0014622	isolated focal non-epidermolytic palmoplantar keratoderma	skos:exactMatch	DOID:0111708		semapv:UnspecifiedMatching	DOID	2
MONDO:0014622	isolated focal non-epidermolytic palmoplantar keratoderma	skos:exactMatch	DOID:0111711		semapv:UnspecifiedMatching	DOID	2
MONDO:0014843	premature ovarian failure 11	skos:exactMatch	DOID:0080868		semapv:UnspecifiedMatching	DOID	2
MONDO:0014843	premature ovarian failure 11	skos:exactMatch	DOID:0080869		semapv:UnspecifiedMatching	DOID	2
MONDO:0014951	intellectual developmental disorder, autosomal recessive 74	skos:exactMatch	DOID:0081218		semapv:UnspecifiedMatching	DOID	2
MONDO:0014951	intellectual developmental disorder, autosomal recessive 74	skos:exactMatch	DOID:0112104		semapv:UnspecifiedMatching	DOID	2
MONDO:0015131	combined immunodeficiency	skos:exactMatch	DOID:0111962		semapv:UnspecifiedMatching	DOID	2
MONDO:0015131	combined immunodeficiency	skos:exactMatch	DOID:628		semapv:UnspecifiedMatching	DOID	2
MONDO:0015264	cryptogenic organizing pneumonia	skos:exactMatch	SCTID:68409003		semapv:UnspecifiedMatching	SCTID	2
MONDO:0015264	cryptogenic organizing pneumonia	skos:exactMatch	SCTID:719218000		semapv:UnspecifiedMatching	SCTID	2
MONDO:0015459	nasopharyngeal carcinoma	skos:exactMatch	MESH:D000077274		semapv:UnspecifiedMatching	MESH	2
MONDO:0015459	nasopharyngeal carcinoma	skos:exactMatch	MESH:D00007727		semapv:UnspecifiedMatching	MESH	2
MONDO:0015540	hemophagocytic syndrome	skos:exactMatch	NCIT:C34792	Hemophagocytic Lymphohistiocytosis	semapv:UnspecifiedMatching	NCIT	2
MONDO:0015540	hemophagocytic syndrome	skos:exactMatch	NCIT:C35439	Hemophagocytic Syndrome	semapv:UnspecifiedMatching	NCIT	2
MONDO:0015541	genetic hemophagocytic lymphohistiocytosis	skos:exactMatch	Orphanet:158038		semapv:UnspecifiedMatching	Orphanet	2
MONDO:0015541	genetic hemophagocytic lymphohistiocytosis	skos:exactMatch	Orphanet:540		semapv:UnspecifiedMatching	Orphanet	2
MONDO:0015597	pustulosis palmaris et plantaris	skos:exactMatch	SCTID:27520001		semapv:UnspecifiedMatching	SCTID	2
MONDO:0015597	pustulosis palmaris et plantaris	skos:exactMatch	SCTID:81271001		semapv:UnspecifiedMatching	SCTID	2
MONDO:0015629	von Willebrand disease type 2B	skos:exactMatch	SCTID:359717002		semapv:UnspecifiedMatching	SCTID	2
MONDO:0015629	von Willebrand disease type 2B	skos:exactMatch	SCTID:359721009		semapv:UnspecifiedMatching	SCTID	2
MONDO:0015630	von Willebrand disease type 2M	skos:exactMatch	SCTID:359729006		semapv:UnspecifiedMatching	SCTID	2
MONDO:0015630	von Willebrand disease type 2M	skos:exactMatch	SCTID:359725000		semapv:UnspecifiedMatching	SCTID	2
MONDO:0015912	macrothrombocytopenia and granulocyte inclusions with or without nephritis or sensorineural hearing loss	skos:exactMatch	NCIT:C131646	May-Hegglin Anomaly	semapv:UnspecifiedMatching	NCIT	2
MONDO:0015912	macrothrombocytopenia and granulocyte inclusions with or without nephritis or sensorineural hearing loss	skos:exactMatch	NCIT:C158788	Macrothrombocytopenia and Granulocyte Inclusions with or without Nephritis or Sensorineural Hearing Loss	semapv:UnspecifiedMatching	NCIT	2
MONDO:0015912	macrothrombocytopenia and granulocyte inclusions with or without nephritis or sensorineural hearing loss	skos:exactMatch	SCTID:234484005		semapv:UnspecifiedMatching	SCTID	4
MONDO:0015912	macrothrombocytopenia and granulocyte inclusions with or without nephritis or sensorineural hearing loss	skos:exactMatch	SCTID:712922002		semapv:UnspecifiedMatching	SCTID	4
MONDO:0015912	macrothrombocytopenia and granulocyte inclusions with or without nephritis or sensorineural hearing loss	skos:exactMatch	SCTID:234485006		semapv:UnspecifiedMatching	SCTID	4
MONDO:0015912	macrothrombocytopenia and granulocyte inclusions with or without nephritis or sensorineural hearing loss	skos:exactMatch	SCTID:236422008		semapv:UnspecifiedMatching	SCTID	4
MONDO:0016011	fetal alcohol syndrome	skos:exactMatch	DOID:0050665		semapv:UnspecifiedMatching	DOID	2
MONDO:0016011	fetal alcohol syndrome	skos:exactMatch	DOID:0050667		semapv:UnspecifiedMatching	DOID	2
MONDO:0016035	Nelson syndrome	skos:exactMatch	MESH:C531754		semapv:UnspecifiedMatching	MESH	2
MONDO:0016035	Nelson syndrome	skos:exactMatch	MESH:D009347		semapv:UnspecifiedMatching	MESH	2
MONDO:0016101	neurolymphomatosis	skos:exactMatch	MESH:D008380		semapv:UnspecifiedMatching	MESH	2
MONDO:0016101	neurolymphomatosis	skos:exactMatch	MESH:D000077162		semapv:UnspecifiedMatching	MESH	2
MONDO:0016163	autosomal dominant cerebellar ataxia type II	skos:exactMatch	Orphanet:94147		semapv:UnspecifiedMatching	Orphanet	2
MONDO:0016163	autosomal dominant cerebellar ataxia type II	skos:exactMatch	Orphanet:208508		semapv:UnspecifiedMatching	Orphanet	2
MONDO:0016242	hemoglobin C disease	skos:exactMatch	MESH:C531699		semapv:UnspecifiedMatching	MESH	2
MONDO:0016242	hemoglobin C disease	skos:exactMatch	MESH:D006445		semapv:UnspecifiedMatching	MESH	2
MONDO:0016358	limited cutaneous systemic sclerosis	skos:exactMatch	SCTID:298285004		semapv:UnspecifiedMatching	SCTID	2
MONDO:0016358	limited cutaneous systemic sclerosis	skos:exactMatch	SCTID:299276009		semapv:UnspecifiedMatching	SCTID	2
MONDO:0016525	familial hyperaldosteronism	skos:exactMatch	Orphanet:235936		semapv:UnspecifiedMatching	Orphanet	2
MONDO:0016525	familial hyperaldosteronism	skos:exactMatch	Orphanet:371861		semapv:UnspecifiedMatching	Orphanet	2
MONDO:0016526	trisomy 9p	skos:exactMatch	Orphanet:236		semapv:UnspecifiedMatching	Orphanet	2
MONDO:0016526	trisomy 9p	skos:exactMatch	Orphanet:262767		semapv:UnspecifiedMatching	Orphanet	2
MONDO:0016575	primary ciliary dyskinesia	skos:exactMatch	MESH:D007619		semapv:UnspecifiedMatching	MESH	2
MONDO:0016575	primary ciliary dyskinesia	skos:exactMatch	MESH:D002925		semapv:UnspecifiedMatching	MESH	2
MONDO:0016575	primary ciliary dyskinesia	skos:exactMatch	DOID:0050144		semapv:UnspecifiedMatching	DOID	2
MONDO:0016575	primary ciliary dyskinesia	skos:exactMatch	DOID:9562		semapv:UnspecifiedMatching	DOID	2
MONDO:0016575	primary ciliary dyskinesia	skos:exactMatch	SCTID:42402006		semapv:UnspecifiedMatching	SCTID	2
MONDO:0016575	primary ciliary dyskinesia	skos:exactMatch	SCTID:86204009		semapv:UnspecifiedMatching	SCTID	2
MONDO:0016612	X-linked cerebellar ataxia	skos:exactMatch	DOID:0050953		semapv:UnspecifiedMatching	DOID	2
MONDO:0016612	X-linked cerebellar ataxia	skos:exactMatch	DOID:0111828		semapv:UnspecifiedMatching	DOID	2
MONDO:0016620	primary hypertrophic osteoarthropathy	skos:exactMatch	Orphanet:2796		semapv:UnspecifiedMatching	Orphanet	2
MONDO:0016620	primary hypertrophic osteoarthropathy	skos:exactMatch	Orphanet:248095		semapv:UnspecifiedMatching	Orphanet	2
MONDO:0016700	anaplastic ependymoma	skos:exactMatch	DOID:5074		semapv:UnspecifiedMatching	DOID	2
MONDO:0016700	anaplastic ependymoma	skos:exactMatch	DOID:5889		semapv:UnspecifiedMatching	DOID	2
MONDO:0017278	autoimmune polyendocrinopathy	skos:exactMatch	NCIT:C129726	Autoimmune Polyglandular Syndrome	semapv:UnspecifiedMatching	NCIT	2
MONDO:0017278	autoimmune polyendocrinopathy	skos:exactMatch	NCIT:C84576	Autoimmune Polyendocrinopathy Syndrome	semapv:UnspecifiedMatching	NCIT	2
MONDO:0017287	IgG4-related disease	skos:exactMatch	Orphanet:284264		semapv:UnspecifiedMatching	Orphanet	2
MONDO:0017287	IgG4-related disease	skos:exactMatch	Orphanet:596448		semapv:UnspecifiedMatching	Orphanet	2
MONDO:0017663	obsolete inherited tremor disorder	skos:exactMatch	Orphanet:307061		semapv:UnspecifiedMatching	Orphanet	2
MONDO:0017663	obsolete inherited tremor disorder	skos:exactMatch	Orphanet:307064		semapv:UnspecifiedMatching	Orphanet	2
MONDO:0017851	erythrokeratodermia variabilis	skos:exactMatch	MESH:C536154		semapv:UnspecifiedMatching	MESH	2
MONDO:0017851	erythrokeratodermia variabilis	skos:exactMatch	MESH:D056266		semapv:UnspecifiedMatching	MESH	2
MONDO:0017851	erythrokeratodermia variabilis	skos:exactMatch	Orphanet:316		semapv:UnspecifiedMatching	Orphanet	2
MONDO:0017851	erythrokeratodermia variabilis	skos:exactMatch	Orphanet:317		semapv:UnspecifiedMatching	Orphanet	2
MONDO:0017991	Takayasu arteritis	skos:exactMatch	NCIT:C35062	Takayasu Arteritis	semapv:UnspecifiedMatching	NCIT	2
MONDO:0017991	Takayasu arteritis	skos:exactMatch	NCIT:C34391	Aortic Arch Syndrome	semapv:UnspecifiedMatching	NCIT	2
MONDO:0017991	Takayasu arteritis	skos:exactMatch	Orphanet:3287		semapv:UnspecifiedMatching	Orphanet	2
MONDO:0017991	Takayasu arteritis	skos:exactMatch	Orphanet:99079		semapv:UnspecifiedMatching	Orphanet	2
MONDO:0018181	staphylococcal scalded skin syndrome	skos:exactMatch	SCTID:277475006		semapv:UnspecifiedMatching	SCTID	2
MONDO:0018181	staphylococcal scalded skin syndrome	skos:exactMatch	SCTID:200946001		semapv:UnspecifiedMatching	SCTID	2
MONDO:0018251	obsolete glycogen storage disease due to phosphorylase kinase deficiency	skos:exactMatch	SCTID:235908005		semapv:UnspecifiedMatching	SCTID	2
MONDO:0018251	obsolete glycogen storage disease due to phosphorylase kinase deficiency	skos:exactMatch	SCTID:40191005		semapv:UnspecifiedMatching	SCTID	2
MONDO:0018276	muscular dystrophy-dystroglycanopathy	skos:exactMatch	DOID:0050588		semapv:UnspecifiedMatching	DOID	2
MONDO:0018276	muscular dystrophy-dystroglycanopathy	skos:exactMatch	DOID:0112374		semapv:UnspecifiedMatching	DOID	2
MONDO:0018301	interstitial cystitis	skos:exactMatch	DOID:13949		semapv:UnspecifiedMatching	DOID	2
MONDO:0018301	interstitial cystitis	skos:exactMatch	DOID:1678		semapv:UnspecifiedMatching	DOID	2
MONDO:0018301	interstitial cystitis	skos:exactMatch	SCTID:111409009		semapv:UnspecifiedMatching	SCTID	2
MONDO:0018301	interstitial cystitis	skos:exactMatch	SCTID:197834003		semapv:UnspecifiedMatching	SCTID	2
MONDO:0018523	pancreatic mucinous cystadenoma	skos:exactMatch	DOID:7235		semapv:UnspecifiedMatching	DOID	2
MONDO:0018523	pancreatic mucinous cystadenoma	skos:exactMatch	DOID:7735		semapv:UnspecifiedMatching	DOID	2
MONDO:0018612	congenital hypothyroidism	skos:exactMatch	SCTID:190268003		semapv:UnspecifiedMatching	SCTID	2
MONDO:0018612	congenital hypothyroidism	skos:exactMatch	SCTID:217710005		semapv:UnspecifiedMatching	SCTID	2
MONDO:0018631	Marie Unna hereditary hypotrichosis	skos:exactMatch	MESH:C535912		semapv:UnspecifiedMatching	MESH	2
MONDO:0018631	Marie Unna hereditary hypotrichosis	skos:exactMatch	MESH:C567718		semapv:UnspecifiedMatching	MESH	2
MONDO:0018677	visceral heterotaxy	skos:exactMatch	Orphanet:157769		semapv:UnspecifiedMatching	Orphanet	2
MONDO:0018677	visceral heterotaxy	skos:exactMatch	Orphanet:450		semapv:UnspecifiedMatching	Orphanet	2
MONDO:0018830	Kimura disease	skos:exactMatch	MESH:D000082242		semapv:UnspecifiedMatching	MESH	2
MONDO:0018830	Kimura disease	skos:exactMatch	MESH:D000796		semapv:UnspecifiedMatching	MESH	2
MONDO:0018931	mucolipidosis type III, alpha/beta	skos:exactMatch	Orphanet:423461		semapv:UnspecifiedMatching	Orphanet	2
MONDO:0018931	mucolipidosis type III, alpha/beta	skos:exactMatch	Orphanet:577		semapv:UnspecifiedMatching	Orphanet	2
MONDO:0018984	Oroya fever	skos:exactMatch	SCTID:240453002		semapv:UnspecifiedMatching	SCTID	2
MONDO:0018984	Oroya fever	skos:exactMatch	SCTID:262461007		semapv:UnspecifiedMatching	SCTID	2
MONDO:0019004	kidney Wilms tumor	skos:exactMatch	DOID:5176		semapv:UnspecifiedMatching	DOID	2
MONDO:0019004	kidney Wilms tumor	skos:exactMatch	DOID:2154		semapv:UnspecifiedMatching	DOID	2
MONDO:0019046	leukodystrophy	skos:exactMatch	DOID:10579		semapv:UnspecifiedMatching	DOID	3
MONDO:0019046	leukodystrophy	skos:exactMatch	DOID:0050987		semapv:UnspecifiedMatching	DOID	3
MONDO:0019046	leukodystrophy	skos:exactMatch	DOID:0060786		semapv:UnspecifiedMatching	DOID	3
MONDO:0019118	inherited retinal dystrophy	skos:exactMatch	DOID:8500		semapv:UnspecifiedMatching	DOID	2
MONDO:0019118	inherited retinal dystrophy	skos:exactMatch	DOID:8501		semapv:UnspecifiedMatching	DOID	2
MONDO:0019118	inherited retinal dystrophy	skos:exactMatch	NCIT:C35625	Retinal Dystrophy	semapv:UnspecifiedMatching	NCIT	2
MONDO:0019118	inherited retinal dystrophy	skos:exactMatch	NCIT:C35194	Hereditary Retinal Dystrophy	semapv:UnspecifiedMatching	NCIT	2
MONDO:0019118	inherited retinal dystrophy	skos:exactMatch	SCTID:41799005		semapv:UnspecifiedMatching	SCTID	2
MONDO:0019118	inherited retinal dystrophy	skos:exactMatch	SCTID:314407005		semapv:UnspecifiedMatching	SCTID	2
MONDO:0019136	Zygomycosis	skos:exactMatch	SCTID:76627001		semapv:UnspecifiedMatching	SCTID	2
MONDO:0019136	Zygomycosis	skos:exactMatch	SCTID:59277005		semapv:UnspecifiedMatching	SCTID	2
MONDO:0019145	hereditary thrombophilia due to congenital protein C deficiency	skos:exactMatch	MESH:C535424		semapv:UnspecifiedMatching	MESH	2
MONDO:0019145	hereditary thrombophilia due to congenital protein C deficiency	skos:exactMatch	MESH:D020151		semapv:UnspecifiedMatching	MESH	2
MONDO:0019148	Wolman disease	skos:exactMatch	MESH:D015223		semapv:UnspecifiedMatching	MESH	2
MONDO:0019148	Wolman disease	skos:exactMatch	MESH:C564736		semapv:UnspecifiedMatching	MESH	2
MONDO:0019167	immunoglobulin A vasculitis	skos:exactMatch	SCTID:86074002		semapv:UnspecifiedMatching	SCTID	2
MONDO:0019167	immunoglobulin A vasculitis	skos:exactMatch	SCTID:191306005		semapv:UnspecifiedMatching	SCTID	2
MONDO:0019171	familial long QT syndrome	skos:exactMatch	Orphanet:101016		semapv:UnspecifiedMatching	Orphanet	2
MONDO:0019171	familial long QT syndrome	skos:exactMatch	Orphanet:768		semapv:UnspecifiedMatching	Orphanet	2
MONDO:0019234	peroxisome biogenesis disorder	skos:exactMatch	MESH:C531857		semapv:UnspecifiedMatching	MESH	2
MONDO:0019234	peroxisome biogenesis disorder	skos:exactMatch	MESH:C536664		semapv:UnspecifiedMatching	MESH	2
MONDO:0019234	peroxisome biogenesis disorder	skos:exactMatch	NCIT:C146639	Peroxisome Biogenesis Disorders in the Zellweger Spectrum	semapv:UnspecifiedMatching	NCIT	2
MONDO:0019234	peroxisome biogenesis disorder	skos:exactMatch	NCIT:C155747	Peroxisome Biogenesis Disorder	semapv:UnspecifiedMatching	NCIT	2
MONDO:0019355	adult-onset Still disease	skos:exactMatch	SCTID:239920006		semapv:UnspecifiedMatching	SCTID	2
MONDO:0019355	adult-onset Still disease	skos:exactMatch	SCTID:68190001		semapv:UnspecifiedMatching	SCTID	2
MONDO:0019384	encephalitis lethargica	skos:exactMatch	NCIT:C26761	Encephalitis Lethargica	semapv:UnspecifiedMatching	NCIT	2
MONDO:0019384	encephalitis lethargica	skos:exactMatch	NCIT:C34576	Epidemic Encephalitis	semapv:UnspecifiedMatching	NCIT	2
MONDO:0019468	T-cell prolymphocytic leukemia	skos:exactMatch	SCTID:277545003		semapv:UnspecifiedMatching	SCTID	2
MONDO:0019468	T-cell prolymphocytic leukemia	skos:exactMatch	SCTID:277567002		semapv:UnspecifiedMatching	SCTID	2
MONDO:0019625	familial thoracic aortic aneurysm and aortic dissection	skos:exactMatch	SCTID:45894003		semapv:UnspecifiedMatching	SCTID	2
MONDO:0019625	familial thoracic aortic aneurysm and aortic dissection	skos:exactMatch	SCTID:764965000		semapv:UnspecifiedMatching	SCTID	2
MONDO:0019667	spondyloepiphyseal dysplasia tarda	skos:exactMatch	DOID:0112284		semapv:UnspecifiedMatching	DOID	2
MONDO:0019667	spondyloepiphyseal dysplasia tarda	skos:exactMatch	DOID:0080362		semapv:UnspecifiedMatching	DOID	2
MONDO:0019991	immunotactoid glomerulopathy	skos:exactMatch	NCIT:C158968	Immunotactoid Glomerulopathy	semapv:UnspecifiedMatching	NCIT	2
MONDO:0019991	immunotactoid glomerulopathy	skos:exactMatch	NCIT:C96182	Fibrillary Glomerulonephritis	semapv:UnspecifiedMatching	NCIT	2
MONDO:0020485	King-Denborough syndrome	skos:exactMatch	MESH:C536883		semapv:UnspecifiedMatching	MESH	2
MONDO:0020485	King-Denborough syndrome	skos:exactMatch	MESH:C537504		semapv:UnspecifiedMatching	MESH	2
MONDO:0020513	spermatocytic seminoma	skos:exactMatch	DOID:5834		semapv:UnspecifiedMatching	DOID	2
MONDO:0020513	spermatocytic seminoma	skos:exactMatch	DOID:7891		semapv:UnspecifiedMatching	DOID	2
MONDO:0020528	ACTH-dependent Cushing syndrome	skos:exactMatch	SCTID:190502001		semapv:UnspecifiedMatching	SCTID	2
MONDO:0020528	ACTH-dependent Cushing syndrome	skos:exactMatch	SCTID:237734007		semapv:UnspecifiedMatching	SCTID	2
MONDO:0020804	basal cell carcinoma	skos:exactMatch	NCIT:C7586	Malignant Basal Cell Neoplasm	semapv:UnspecifiedMatching	NCIT	2
MONDO:0020804	basal cell carcinoma	skos:exactMatch	NCIT:C156767	Basal Cell Carcinoma	semapv:UnspecifiedMatching	NCIT	2
MONDO:0021097	intraductal breast papilloma	skos:exactMatch	SCTID:99571000119102		semapv:UnspecifiedMatching	SCTID	2
MONDO:0021097	intraductal breast papilloma	skos:exactMatch	SCTID:254848002		semapv:UnspecifiedMatching	SCTID	2
MONDO:0021545	myomatous neoplasm	skos:exactMatch	MESH:D009379		semapv:UnspecifiedMatching	MESH	2
MONDO:0021545	myomatous neoplasm	skos:exactMatch	MESH:D019042		semapv:UnspecifiedMatching	MESH	2
MONDO:0021569	Emery-Dreifuss muscular dystrophy 2, autosomal dominant	skos:exactMatch	SCTID:718178006		semapv:UnspecifiedMatching	SCTID	2
MONDO:0021569	Emery-Dreifuss muscular dystrophy 2, autosomal dominant	skos:exactMatch	SCTID:240072005		semapv:UnspecifiedMatching	SCTID	2
MONDO:0021632	primary brain neoplasm	skos:exactMatch	NCIT:C170814	Primary Brain Neoplasm	semapv:UnspecifiedMatching	NCIT	2
MONDO:0021632	primary brain neoplasm	skos:exactMatch	NCIT:C4952	Localized Brain Neoplasm	semapv:UnspecifiedMatching	NCIT	2
MONDO:0021651	synpolydactyly	skos:exactMatch	SCTID:715724002		semapv:UnspecifiedMatching	SCTID	2
MONDO:0021651	synpolydactyly	skos:exactMatch	SCTID:84598000		semapv:UnspecifiedMatching	SCTID	2
MONDO:0021697	chlamydia infectious disease	skos:exactMatch	MESH:D002690		semapv:UnspecifiedMatching	MESH	2
MONDO:0021697	chlamydia infectious disease	skos:exactMatch	MESH:D023521		semapv:UnspecifiedMatching	MESH	2
MONDO:0022174	chromosome 12p deletion	skos:exactMatch	MESH:C538301		semapv:UnspecifiedMatching	MESH	2
MONDO:0022174	chromosome 12p deletion	skos:exactMatch	MESH:C538302		semapv:UnspecifiedMatching	MESH	2
MONDO:0022697	athetoid cerebral palsy	skos:exactMatch	SCTID:230780007		semapv:UnspecifiedMatching	SCTID	2
MONDO:0022697	athetoid cerebral palsy	skos:exactMatch	SCTID:75019001		semapv:UnspecifiedMatching	SCTID	2
MONDO:0024472	boutonneuse fever	skos:exactMatch	Orphanet:83313		semapv:UnspecifiedMatching	Orphanet	2
MONDO:0024472	boutonneuse fever	skos:exactMatch	Orphanet:101334		semapv:UnspecifiedMatching	Orphanet	2
MONDO:0024477	liver and intrahepatic bile duct neoplasm	skos:exactMatch	NCIT:C7103	Liver and Intrahepatic Bile Duct Neoplasm	semapv:UnspecifiedMatching	NCIT	2
MONDO:0024477	liver and intrahepatic bile duct neoplasm	skos:exactMatch	NCIT:C7106	Liver and Intrahepatic Bile Duct Epithelial Neoplasm	semapv:UnspecifiedMatching	NCIT	2
MONDO:0024647	urolithiasis	skos:exactMatch	ICD10CM:N20-N23	Urolithiasis (N20-N23)	semapv:UnspecifiedMatching	ICD10CM	2
MONDO:0024647	urolithiasis	skos:exactMatch	ICD10CM:N21	Calculus of lower urinary tract	semapv:UnspecifiedMatching	ICD10CM	2
MONDO:0024686	tenosynovial giant cell tumor, diffuse type	skos:exactMatch	DOID:2702		semapv:UnspecifiedMatching	DOID	2
MONDO:0024686	tenosynovial giant cell tumor, diffuse type	skos:exactMatch	DOID:9898		semapv:UnspecifiedMatching	DOID	2
MONDO:0027772	lung colloid adenocarcinoma	skos:exactMatch	DOID:0080303		semapv:UnspecifiedMatching	DOID	2
MONDO:0027772	lung colloid adenocarcinoma	skos:exactMatch	DOID:0080304		semapv:UnspecifiedMatching	DOID	2
MONDO:0033044	Meckel syndrome 13	skos:exactMatch	DOID:0080253		semapv:UnspecifiedMatching	DOID	2
MONDO:0033044	Meckel syndrome 13	skos:exactMatch	DOID:0080276		semapv:UnspecifiedMatching	DOID	2
MONDO:0043176	phosphoribosylpyrophosphate synthetase deficiency	skos:exactMatch	MESH:C535995		semapv:UnspecifiedMatching	MESH	2
MONDO:0043176	phosphoribosylpyrophosphate synthetase deficiency	skos:exactMatch	MESH:C537897		semapv:UnspecifiedMatching	MESH	2
MONDO:0044792	large congenital melanocytic nevus	skos:exactMatch	NCIT:C3944	Congenital Melanocytic Nevus	semapv:UnspecifiedMatching	NCIT	2
MONDO:0044792	large congenital melanocytic nevus	skos:exactMatch	NCIT:C4234	Giant Congenital Nevus	semapv:UnspecifiedMatching	NCIT	2
MONDO:0044792	large congenital melanocytic nevus	skos:exactMatch	SCTID:254815002		semapv:UnspecifiedMatching	SCTID	2
MONDO:0044792	large congenital melanocytic nevus	skos:exactMatch	SCTID:398696001		semapv:UnspecifiedMatching	SCTID	2
MONDO:0100062	developmental and epileptic encephalopathy	skos:exactMatch	DOID:0050709		semapv:UnspecifiedMatching	DOID	2
MONDO:0100062	developmental and epileptic encephalopathy	skos:exactMatch	DOID:0112202		semapv:UnspecifiedMatching	DOID	2
MONDO:0700092	neurodevelopmental disorder	skos:exactMatch	NCIT:C1535926		semapv:UnspecifiedMatching	NCIT	2
MONDO:0700092	neurodevelopmental disorder	skos:exactMatch	NCIT:C89338	Neurodevelopmental Disorder	semapv:UnspecifiedMatching	NCIT	2
MONDO:0800042	restrictive dermopathy 1	skos:exactMatch	DOID:0060762		semapv:UnspecifiedMatching	DOID	2
MONDO:0800042	restrictive dermopathy 1	skos:exactMatch	DOID:0070369		semapv:UnspecifiedMatching	DOID	2
